시도,연도,지역별_의료폐기물,병의원_종합병원,병의원_일반병원,병의원_의원,병의원_요양병원,특수병원_결핵,총_병의원수,고령인구비율,65세이상인구,전체인구,상급종합병원,종합병원,병원,의원,치과병원,치과의원,한방병원,한의원,요양병원,정신병원,총_의료기관수,대형병원_비율,인구만명당_의료기관수,인구만명당_병의원수,인구만명당_의료폐기물,고령인구만명당_의료폐기물,의료기관당_의료폐기물,연도_정규화,연도_제곱,의료인프라_강도,시도_강원,시도_경기,시도_경남,시도_경북,시도_광주,시도_대구,시도_대전,시도_부산,시도_서울,시도_세종,시도_울산,시도_인천,시도_전남,시도_전북,시도_제주,시도_충남,시도_충북
강원,2011,2769.2,15.0,45.0,771.0,31.0,0.0,863.0,15.2,233219.0,1536448.0,8.0,52.0,192.0,2710.0,8.0,1261.0,8.0,1263.0,80.0,0.0,5582.0,0.010746910263299301,36.33054942308493,5.616851335027284,18.0233890115383,118.73818170903742,0.49600573168547374,0.0,0.0,3126.0,True,False,False,False,False,False,False,False,False,False,False,False,False,False,False,False,False
강원,2012,2977.5,15.0,45.0,771.0,31.0,0.0,863.0,15.7,241694.0,1538630.0,8.0,52.0,194.0,2716.0,8.0,1305.0,8.0,1283.0,93.0,0.0,5667.0,0.01058574453069866,36.831466954368494,5.608885827001943,19.351630996405895,123.1929630028052,0.5253175723359209,0.08333333333333333,0.006944444444444444,3135.0,True,False,False,False,False,False,False,False,False,False,False,False,False,False,False,False,False
강원,2013,3274.0,15.0,45.0,771.0,31.0,0.0,863.0,16.2,249539.0,1542263.0,4.0,56.0,190.0,2750.0,8.0,1351.0,8.0,1322.0,104.0,0.0,5793.0,0.010355540214014497,37.561686949631806,5.595673370884214,21.2285453259269,131.2019363706675,0.5650673110113911,0.16666666666666666,0.027777777777777776,3159.0,True,False,False,False,False,False,False,False,False,False,False,False,False,False,False,False,False
강원,2014,3612.1000000000004,15.0,45.0,771.0,31.0,0.0,863.0,16.6,255930.0,1544442.0,4.0,60.0,183.0,2832.0,8.0,1389.0,8.0,1344.0,111.0,0.0,5939.0,0.010774410774410775,38.45401769700643,5.587778628138836,23.38773485828539,141.13624819286525,0.6080976430976431,0.25,0.0625,3238.5,True,False,False,False,False,False,False,False,False,False,False,False,False,False,False,False,False
강원,2015,4026.6,15.0,49.0,715.0,30.0,0.0,809.0,16.9,261671.0,1549507.0,4.0,58.0,191.0,2871.0,10.0,1452.0,8.0,1366.0,116.0,0.0,6076.0,0.010202402501234161,39.21247209596342,5.221015458465176,25.986329845557325,153.88025421235062,0.6625966759914431,0.3333333333333333,0.1111111111111111,3285.5,True,False,False,False,False,False,False,False,False,False,False,False,False,False,False,False,False
강원,2016,4516.007622,15.0,48.0,735.0,30.0,0.0,828.0,17.2,266152.0,1550806.0,4.0,56.0,194.0,2933.0,12.0,1478.0,8.0,1384.0,124.0,0.0,6193.0,0.009686793671294802,39.93407299172172,5.339159121127981,29.12039044213138,169.67776390934503,0.7290939008718115,0.4166666666666667,0.17361111111111113,3348.0,True,False,False,False,False,False,False,False,False,False,False,False,False,False,False,False,False
강원,2017,5073.993527,15.0,48.0,747.0,30.0,0.0,840.0,18.1,279976.0,1550142.0,4.0,56.0,192.0,2965.0,15.0,1521.0,9.0,1390.0,118.0,0.0,6270.0,0.009567852017222133,40.44790735300379,5.41885840135936,32.732443395508284,181.2295885004429,0.80912032004465,0.5,0.25,3377.0,True,False,False,False,False,False,False,False,False,False,False,False,False,False,False,False,False
강원,2018,5542.591632,15.0,45.0,763.0,33.0,0.0,856.0,18.8,289386.0,1543052.0,4.0,56.0,181.0,3007.0,16.0,1537.0,9.0,1414.0,129.0,0.0,6353.0,0.009442870632672332,41.17165202468873,5.547447526071707,35.91966850112633,191.529363272584,0.8722995958451368,0.5833333333333334,0.34027777777777785,3402.5,True,False,False,False,False,False,False,False,False,False,False,False,False,False,False,False,False
강원,2019,4745.0,15.0,45.0,771.0,32.0,0.0,863.0,19.6,302886.0,1541502.0,4.0,56.0,180.0,3057.0,16.0,1548.0,5.0,1429.0,132.0,0.0,6427.0,0.009334163036714374,41.69310192267022,5.598435811306115,30.78166619310257,156.6596013021401,0.7381767268201618,0.6666666666666666,0.4444444444444444,3451.0,True,False,False,False,False,False,False,False,False,False,False,False,False,False,False,False,False
강원,2020,4832.5,15.0,45.0,781.0,32.0,0.0,873.0,20.7,319691.0,1542840.0,4.0,56.0,180.0,3108.0,16.0,1588.0,8.0,1461.0,126.0,0.0,6547.0,0.00916310323762981,42.43473075626766,5.658396204402272,31.322107282673514,151.16159041074036,0.7380116065974344,0.75,0.5625,3502.0,True,False,False,False,False,False,False,False,False,False,False,False,False,False,False,False,False
강원,2021,5388.2,15.0,37.0,785.0,34.0,0.0,871.0,21.7,333176.0,1538492.0,8.0,52.0,155.0,3122.0,16.0,1651.0,15.0,1484.0,132.0,26.0,6661.0,0.009006304413089163,43.29564274627362,5.661387904519491,35.022606552390265,161.7223329411482,0.808796157310117,0.8333333333333334,0.6944444444444445,3482.5,True,False,False,False,False,False,False,False,False,False,False,False,False,False,False,False,False
강원,2022,5369.408383,15.0,37.0,795.0,31.0,0.0,878.0,22.8,349874.0,1536498.0,8.0,52.0,146.0,3164.0,14.0,1678.0,23.0,1506.0,132.0,36.0,6759.0,0.008875739644970414,43.989643982615014,5.714293152350344,34.945755757573394,153.46691617553748,0.7942911809171598,0.9166666666666666,0.8402777777777777,3511.0,True,False,False,False,False,False,False,False,False,False,False,False,False,False,False,False,False
강원,2023,5145.32,16.0,36.0,797.0,31.0,0.0,880.0,24.0,366555.0,1527807.0,8.0,54.0,146.0,3179.0,12.0,1708.0,24.0,1507.0,121.0,36.0,6795.0,0.009123013537374927,44.475512941097925,5.759889829016362,33.677814017084614,140.3696580322189,0.757110064743967,1.0,1.0,3530.0,True,False,False,False,False,False,False,False,False,False,False,False,False,False,False,False,False
경기,2011,21286.5,64.0,281.0,7058.0,304.0,0.0,7714.0,9.0,1072462.0,11937415.0,20.0,192.0,1040.0,22673.0,153.0,13134.0,135.0,9517.0,747.0,0.0,47611.0,0.004452658993531043,39.883844199100054,6.462035541195476,17.83175000617805,198.48255695772903,0.4470826682348988,0.0,0.0,24677.0,False,True,False,False,False,False,False,False,False,False,False,False,False,False,False,False,False
경기,2012,24810.399999999998,64.0,281.0,7058.0,304.0,0.0,7714.0,9.4,1135242.0,12093299.0,20.0,193.0,1104.0,23019.0,152.0,13465.0,131.0,9862.0,854.0,0.0,48800.0,0.004364664658511096,40.3529260295309,6.378739167864782,20.51582450744003,218.54723486269887,0.5083994180447121,0.08333333333333333,0.006944444444444444,25121.0,False,True,False,False,False,False,False,False,False,False,False,False,False,False,False,False,False
경기,2013,26284.030163,64.0,281.0,7058.0,304.0,0.0,7714.0,9.8,1195523.0,12234630.0,20.0,200.0,1144.0,23405.0,146.0,13835.0,129.0,10225.0,963.0,0.0,50067.0,0.0043940241271870255,40.92236544954772,6.3050537695050854,21.483306126135403,219.85382266171374,0.5249666486178797,0.16666666666666666,0.027777777777777776,25581.0,False,True,False,False,False,False,False,False,False,False,False,False,False,False,False,False,False
경기,2014,28775.010535,64.0,281.0,7058.0,304.0,0.0,7714.0,10.2,1254445.0,12357830.0,20.0,205.0,1129.0,23933.0,129.0,14277.0,132.0,10663.0,1087.0,0.0,51575.0,0.004362494183341089,41.7346734823185,6.242196243191564,23.28484089439651,229.38439337715084,0.5579147381534048,0.25,0.0625,26096.5,False,True,False,False,False,False,False,False,False,False,False,False,False,False,False,False,False
경기,2015,32057.000959,58.0,288.0,6139.0,272.0,0.0,6757.0,10.5,1318882.0,12522606.0,20.0,209.0,1161.0,24531.0,134.0,14699.0,149.0,11019.0,1123.0,0.0,53045.0,0.004317007879953248,42.35939388334984,5.395841728151472,25.599304936208963,243.06193396376628,0.6043245665837198,0.3333333333333333,0.1111111111111111,26750.5,False,True,False,False,False,False,False,False,False,False,False,False,False,False,False,False,False
경기,2016,35502.972236,61.0,288.0,6377.0,271.0,0.0,6997.0,10.8,1374475.0,12716780.0,20.0,219.0,1147.0,25220.0,135.0,15219.0,171.0,11332.0,1125.0,0.0,54588.0,0.004378171426477862,42.92596081712509,5.502179010724412,27.918209040338827,258.30205886611253,0.6503686133836487,0.4166666666666667,0.17361111111111113,27438.5,False,True,False,False,False,False,False,False,False,False,False,False,False,False,False,False,False
경기,2017,36328.55057,61.0,271.0,6608.0,290.0,0.0,7230.0,11.4,1467835.0,12873895.0,20.0,221.0,1078.0,26130.0,139.0,15709.0,177.0,11791.0,1253.0,0.0,56518.0,0.0042640527964047485,43.90124356303978,5.616015976516819,28.21877184022396,247.49750871181024,0.6427670441798333,0.5,0.25,28249.0,False,True,False,False,False,False,False,False,False,False,False,False,False,False,False,False,False
경기,2018,39582.961236,63.0,265.0,6815.0,304.0,0.0,7447.0,11.9,1551801.0,13077153.0,20.0,227.0,1073.0,26939.0,142.0,16148.0,200.0,12139.0,1324.0,0.0,58212.0,0.0042430384965557524,44.51427615781508,5.69466458027982,30.268791101549397,255.07755979020507,0.6799677260405752,0.5833333333333334,0.34027777777777785,29062.5,False,True,False,False,False,False,False,False,False,False,False,False,False,False,False,False,False
경기,2019,42705.0,64.0,278.0,7058.0,314.0,0.0,7714.0,12.5,1651341.0,13239666.0,20.0,233.0,1096.0,27947.0,148.0,16685.0,233.0,12502.0,1373.0,0.0,60237.0,0.004200006640326704,45.49737130830944,5.826430968877916,32.255345414302745,258.6080040403527,0.7089378797436834,0.6666666666666666,0.4444444444444444,30117.0,False,True,False,False,False,False,False,False,False,False,False,False,False,False,False,False,False
경기,2020,35947.6,67.0,288.0,7245.0,319.0,0.0,7919.0,13.2,1775315.0,13427014.0,20.0,244.0,1139.0,28774.0,148.0,17135.0,328.0,12669.0,1400.0,0.0,61857.0,0.004267839244721782,46.06906643576897,5.897811680244022,26.772594413024372,202.48575604892653,0.5811309773998512,0.75,0.5625,31030.5,False,True,False,False,False,False,False,False,False,False,False,False,False,False,False,False,False
경기,2021,45241.7,67.0,277.0,7478.0,320.0,0.0,8142.0,13.9,1881464.0,13565450.0,20.0,248.0,1119.0,29621.0,153.0,17690.0,410.0,12893.0,1276.0,183.0,63613.0,0.004212909108057975,46.893394616470516,6.002012465491377,33.35068132645802,240.46008852680677,0.7111909328135315,0.8333333333333334,0.6944444444444445,31855.5,False,True,False,False,False,False,False,False,False,False,False,False,False,False,False,False,False
경기,2022,45002.843587,72.0,281.0,7815.0,309.0,0.0,8477.0,14.7,1992807.0,13589432.0,20.0,266.0,1100.0,30887.0,158.0,18243.0,521.0,12994.0,1252.0,202.0,65643.0,0.004356833830967034,48.304447161588506,6.237935478097981,33.11605929298591,225.82640259192186,0.6855591308725855,0.9166666666666666,0.8402777777777777,33129.0,False,True,False,False,False,False,False,False,False,False,False,False,False,False,False,False,False
경기,2023,39684.9171,71.0,286.0,8075.0,303.0,0.0,8735.0,15.6,2122718.0,13630821.0,20.0,264.0,1132.0,32039.0,168.0,18671.0,568.0,13137.0,1224.0,200.0,67423.0,0.0042121499762695774,49.46363832376641,6.408271372648793,29.114106259630287,186.9533169266949,0.5885874035951589,1.0,1.0,34325.0,False,True,False,False,False,False,False,False,False,False,False,False,False,False,False,False,False
경남,2011,6448.7,25.0,137.0,1632.0,125.0,1.0,1923.0,12.1,399530.0,3308765.0,4.0,90.0,554.0,5894.0,51.0,2858.0,8.0,2710.0,302.0,0.0,12471.0,0.007536882617062219,37.690800041707405,5.811836138257023,19.48974919645245,161.40715340525117,0.517054201411161,0.0,0.0,6917.0,False,False,True,False,False,False,False,False,False,False,False,False,False,False,False,False,False
경남,2012,7604.6,25.0,137.0,1632.0,125.0,1.0,1923.0,12.5,414831.0,3319314.0,4.0,92.0,554.0,5916.0,56.0,2954.0,12.0,2804.0,338.0,0.0,12730.0,0.00754064880999136,38.35129788866013,5.793365737619279,22.910155532137065,183.3180258948825,0.5973293535464614,0.08333333333333333,0.006944444444444444,6943.0,False,False,True,False,False,False,False,False,False,False,False,False,False,False,False,False,False
경남,2013,8413.17607,25.0,137.0,1632.0,125.0,1.0,1923.0,12.9,431645.0,3333820.0,4.0,92.0,566.0,5933.0,56.0,3029.0,19.0,2900.0,363.0,0.0,12962.0,0.007405693126591067,38.88032347277297,5.768157848954052,25.235843776808583,194.9096148455328,0.6490145853583275,0.16666666666666666,0.027777777777777776,6978.0,False,False,True,False,False,False,False,False,False,False,False,False,False,False,False,False,False
경남,2014,9544.240415,25.0,137.0,1632.0,125.0,1.0,1923.0,13.4,449017.0,3350257.0,4.0,88.0,572.0,5958.0,59.0,3138.0,15.0,2998.0,400.0,0.0,13232.0,0.006952316179248848,39.49547751112826,5.739858166104869,28.488084391734727,212.55855379640417,0.7212454027809265,0.25,0.0625,7004.0,False,False,True,False,False,False,False,False,False,False,False,False,False,False,False,False,False
경남,2015,10700.771133,24.0,141.0,1512.0,108.0,1.0,1785.0,13.8,464019.0,3364702.0,8.0,86.0,575.0,6054.0,65.0,3240.0,19.0,3040.0,412.0,0.0,13499.0,0.006962962962962963,40.11945188608085,5.305076051311528,31.803027825346796,230.61062441408652,0.7926497135555556,0.3333333333333333,0.1111111111111111,7112.5,False,False,True,False,False,False,False,False,False,False,False,False,False,False,False,False,False
경남,2016,12399.837059,25.0,148.0,1558.0,117.0,1.0,1848.0,14.2,480278.0,3373871.0,8.0,92.0,589.0,6208.0,72.0,3328.0,22.0,3113.0,461.0,0.0,13893.0,0.007197351374694113,41.17821932136706,5.477387843222222,36.75255236196049,258.1804092421473,0.8924598430257665,0.4166666666666667,0.17361111111111113,7299.5,False,False,True,False,False,False,False,False,False,False,False,False,False,False,False,False,False
경남,2017,13550.333243,25.0,131.0,1586.0,121.0,1.0,1863.0,14.9,504460.0,3380404.0,8.0,95.0,526.0,6360.0,73.0,3446.0,26.0,3181.0,541.0,0.0,14256.0,0.007224521287788455,42.17247405931362,5.511175587296667,40.08495210335806,268.610657792491,0.9504336987444764,0.5,0.25,7363.0,False,False,True,False,False,False,False,False,False,False,False,False,False,False,False,False,False
경남,2018,14749.355733999999,25.0,138.0,1612.0,126.0,1.0,1901.0,15.5,523165.0,3373988.0,8.0,92.0,532.0,6452.0,78.0,3498.0,34.0,3208.0,564.0,0.0,14466.0,0.006912283127116886,42.87507839387692,5.634282042496891,43.7149027619541,281.9255059875947,1.0195172277597289,0.5833333333333334,0.34027777777777785,7458.0,False,False,True,False,False,False,False,False,False,False,False,False,False,False,False,False,False
경남,2019,25805.5,26.0,137.0,1632.0,128.0,1.0,1923.0,16.3,548257.0,3362553.0,8.0,96.0,551.0,6550.0,80.0,3569.0,43.0,3203.0,585.0,0.0,14685.0,0.007081574288437968,43.67217408915191,5.718868966526327,76.74377177103231,470.68254486490827,1.7571496663489037,0.6666666666666666,0.4444444444444444,7592.5,False,False,True,False,False,False,False,False,False,False,False,False,False,False,False,False,False
경남,2020,11535.4,25.0,140.0,1652.0,130.0,1.0,1947.0,17.4,580258.0,3340216.0,8.0,92.0,563.0,6605.0,80.0,3623.0,57.0,3228.0,588.0,0.0,14844.0,0.006736274840013472,44.44023979287567,5.828964354401033,34.53489235426691,198.79777616163844,0.7770562478949141,0.75,0.5625,7657.5,False,False,True,False,False,False,False,False,False,False,False,False,False,False,False,False,False
경남,2021,11978.2,26.0,133.0,1673.0,129.0,1.0,1961.0,18.4,608379.0,3314183.0,12.0,91.0,538.0,6699.0,82.0,3689.0,71.0,3220.0,517.0,97.0,15016.0,0.0068588932543117796,45.30830071845761,5.916993720624359,36.14224078754855,196.88713778746475,0.7976426716388094,0.8333333333333334,0.6944444444444445,7724.0,False,False,True,False,False,False,False,False,False,False,False,False,False,False,False,False,False
경남,2022,12980.985954,26.0,130.0,1691.0,125.0,1.0,1972.0,19.5,638801.0,3280493.0,12.0,92.0,525.0,6797.0,80.0,3725.0,76.0,3192.0,508.0,112.0,15119.0,0.0068783068783068784,46.08758500627802,6.011291595501042,39.57022909056657,203.20860415058837,0.8585308170634921,0.9166666666666666,0.8402777777777777,7804.5,False,False,True,False,False,False,False,False,False,False,False,False,False,False,False,False,False
경남,2023,11303.2,26.0,126.0,1704.0,119.0,1.0,1975.0,20.6,669646.0,3251158.0,12.0,92.0,510.0,6834.0,84.0,3771.0,91.0,3138.0,483.0,116.0,15131.0,0.006872852233676976,46.54034039563749,6.0747585937072275,34.766689284248876,168.7936611284171,0.7469733016124769,1.0,1.0,7819.0,False,False,True,False,False,False,False,False,False,False,False,False,False,False,False,False,False
경북,2011,4745.6,20.0,74.0,1270.0,113.0,0.0,1466.0,15.7,424386.0,2699195.0,0.0,72.0,308.0,4707.0,31.0,2093.0,32.0,2259.0,326.0,0.0,9828.0,0.00732526197985553,36.410855829237974,5.431248946445144,17.58153819935203,111.82272742267654,0.4828161562722556,0.0,0.0,5313.0,False,False,False,True,False,False,False,False,False,False,False,False,False,False,False,False,False
경북,2012,5562.9,20.0,74.0,1270.0,113.0,0.0,1466.0,16.2,437519.0,2698353.0,0.0,72.0,307.0,4722.0,36.0,2183.0,30.0,2297.0,346.0,0.0,9993.0,0.007204322593556134,37.03370166912928,5.432943725302064,20.615909037846418,127.14647821008916,0.5566239743846307,0.08333333333333333,0.006944444444444444,5326.5,False,False,False,True,False,False,False,False,False,False,False,False,False,False,False,False,False
경북,2013,6284.918146,20.0,74.0,1270.0,113.0,0.0,1466.0,16.8,452417.0,2699440.0,0.0,70.0,322.0,4703.0,38.0,2277.0,30.0,2364.0,387.0,0.0,10191.0,0.006868131868131868,37.752274545831725,5.430756008653646,23.2823035370299,138.91869991622772,0.6166520943877551,0.16666666666666666,0.027777777777777776,5326.0,False,False,False,True,False,False,False,False,False,False,False,False,False,False,False,False,False
경북,2014,7435.9,20.0,74.0,1270.0,113.0,0.0,1466.0,17.3,467352.0,2700794.0,0.0,76.0,337.0,4724.0,42.0,2352.0,29.0,2432.0,410.0,0.0,10402.0,0.0073055849274247815,38.51459978065709,5.428033385737675,27.532273842433,159.10705421181464,0.7147841968662886,0.25,0.0625,5381.5,False,False,False,True,False,False,False,False,False,False,False,False,False,False,False,False,False
경북,2015,8074.2008829999995,19.0,84.0,1213.0,112.0,0.0,1428.0,17.7,479634.0,2702826.0,0.0,76.0,338.0,4856.0,44.0,2447.0,27.0,2457.0,442.0,0.0,10687.0,0.007110778443113772,39.54009618081223,5.283358973163645,29.873180452607752,168.34087831554893,0.755445441897455,0.3333333333333333,0.1111111111111111,5515.0,False,False,False,True,False,False,False,False,False,False,False,False,False,False,False,False,False
경북,2016,8951.858052,18.0,83.0,1229.0,112.0,0.0,1442.0,18.2,492417.0,2700398.0,0.0,75.0,334.0,4965.0,44.0,2513.0,23.0,2454.0,448.0,0.0,10856.0,0.006907985631389887,40.201481411258634,5.339953592026064,33.150143245551206,181.7942526760855,0.8245240906327714,0.4166666666666667,0.17361111111111113,5616.0,False,False,False,True,False,False,False,False,False,False,False,False,False,False,False,False,False
경북,2017,9094.807309,19.0,79.0,1251.0,117.0,0.0,1466.0,19.0,512681.0,2691706.0,0.0,76.0,316.0,5021.0,56.0,2530.0,20.0,2478.0,476.0,0.0,10973.0,0.006925460178603973,40.76596775427926,5.446360040806835,33.7882640563271,177.3970033802696,0.8287595506652087,0.5,0.25,5647.0,False,False,False,True,False,False,False,False,False,False,False,False,False,False,False,False,False
경북,2018,10486.237489,20.0,76.0,1271.0,117.0,0.0,1484.0,19.8,529349.0,2676831.0,0.0,79.0,311.0,5106.0,58.0,2598.0,16.0,2518.0,475.0,0.0,11161.0,0.007077584662246909,41.69482496280116,5.543868850891221,39.17407370506393,198.096860275546,0.9394586533775309,0.5833333333333334,0.34027777777777785,5730.5,False,False,False,True,False,False,False,False,False,False,False,False,False,False,False,False,False
경북,2019,10183.5,20.0,74.0,1278.0,114.0,0.0,1486.0,20.6,549415.0,2665836.0,0.0,80.0,301.0,5147.0,53.0,2664.0,22.0,2560.0,474.0,0.0,11301.0,0.007078393204742524,42.391955094011784,5.574236374630698,38.20002430757181,185.35169225448888,0.9010352150061935,0.6666666666666666,0.4444444444444444,5758.5,False,False,False,True,False,False,False,False,False,False,False,False,False,False,False,False,False
경북,2020,7960.8,20.0,73.0,1270.0,114.0,0.0,1477.0,21.7,573715.0,2639422.0,0.0,80.0,292.0,5153.0,52.0,2701.0,30.0,2553.0,467.0,0.0,11328.0,0.007061523523700239,42.918487456723476,5.5959221374982855,30.161148918210124,138.7587913859669,0.7026922058434107,0.75,0.5625,5751.0,False,False,False,True,False,False,False,False,False,False,False,False,False,False,False,False,False
경북,2021,7715.9,20.0,55.0,1265.0,113.0,0.0,1453.0,22.7,596312.0,2626609.0,0.0,80.0,221.0,5132.0,52.0,2702.0,30.0,2548.0,451.0,84.0,11300.0,0.007079019555791523,43.021249070569695,5.53184733624228,29.375898734832624,129.39367311072056,0.6827625873816476,0.8333333333333334,0.6944444444444445,5623.5,False,False,False,True,False,False,False,False,False,False,False,False,False,False,False,False,False
경북,2022,8426.431991,20.0,51.0,1289.0,109.0,0.0,1469.0,23.8,618275.0,2600492.0,0.0,80.0,217.0,5200.0,52.0,2733.0,26.0,2510.0,444.0,98.0,11360.0,0.00704163365900889,43.684041327564174,5.648931048432374,32.40322212489021,136.28938564554608,0.7416980891646862,0.9166666666666666,0.8402777777777777,5685.5,False,False,False,True,False,False,False,False,False,False,False,False,False,False,False,False,False
경북,2023,7324.25,21.0,52.0,1282.0,107.0,0.0,1462.0,24.7,630486.0,2554324.0,0.0,83.0,207.0,5214.0,48.0,2781.0,30.0,2486.0,431.0,104.0,11384.0,0.007290294246815986,44.567564647241305,5.72362785613728,28.67392703509813,116.16832094606383,0.643324549846289,1.0,1.0,5690.5,False,False,False,True,False,False,False,False,False,False,False,False,False,False,False,False,False
광주,2011,4272.6,23.0,78.0,949.0,60.0,0.0,1115.0,9.3,136411.0,1463464.0,8.0,76.0,259.0,3370.0,27.0,2007.0,143.0,1209.0,89.0,0.0,7188.0,0.011684518013631937,49.11634314202468,7.618909655447624,29.195115151448896,313.2152099170888,0.5943246626790931,0.0,0.0,3934.5,False,False,False,False,True,False,False,False,False,False,False,False,False,False,False,False,False
광주,2012,4717.2,23.0,78.0,949.0,60.0,0.0,1115.0,9.9,144732.0,1469216.0,8.0,76.0,276.0,3378.0,30.0,2056.0,190.0,1216.0,107.0,0.0,7337.0,0.011447260834014717,49.938198331627206,7.589081523751442,32.106919608825386,325.92654008788656,0.6428454619787408,0.08333333333333333,0.006944444444444444,3968.0,False,False,False,False,True,False,False,False,False,False,False,False,False,False,False,False,False
광주,2013,5078.8,23.0,78.0,949.0,60.0,0.0,1115.0,10.3,151874.0,1472910.0,8.0,80.0,276.0,3420.0,36.0,2107.0,228.0,1236.0,127.0,0.0,7518.0,0.011703684000531985,51.04181518219036,7.570048407574122,34.48140076447305,334.40878623069125,0.675462162521612,0.16666666666666666,0.027777777777777776,4018.0,False,False,False,False,True,False,False,False,False,False,False,False,False,False,False,False,False
광주,2014,5778.8,23.0,78.0,949.0,60.0,0.0,1115.0,10.8,159822.0,1475884.0,8.0,80.0,287.0,3516.0,43.0,2198.0,262.0,1265.0,159.0,0.0,7818.0,0.011254636142729249,52.971642757831916,7.554794279225196,39.15483872716284,361.57725469584915,0.7390714925182249,0.25,0.0625,4130.5,False,False,False,False,True,False,False,False,False,False,False,False,False,False,False,False,False
광주,2015,6303.8,22.0,75.0,887.0,49.0,0.0,1033.0,11.3,166389.0,1472199.0,8.0,80.0,296.0,3584.0,44.0,2293.0,321.0,1234.0,179.0,0.0,8039.0,0.010945273631840797,54.605389624636345,7.016714452326078,42.81893955912211,378.85917939286855,0.7840547263681592,0.3333333333333333,0.1111111111111111,4212.0,False,False,False,False,True,False,False,False,False,False,False,False,False,False,False,False,False
광주,2016,6765.777087,22.0,75.0,897.0,55.0,0.0,1049.0,11.7,172572.0,1469214.0,8.0,80.0,308.0,3603.0,48.0,2320.0,354.0,1249.0,210.0,0.0,8180.0,0.010756631218677423,55.67602813477138,7.139872067649777,46.050317292103124,392.0553210833739,0.8270110117345069,0.4166666666666667,0.17361111111111113,4249.0,False,False,False,False,True,False,False,False,False,False,False,False,False,False,False,False,False
광주,2017,7553.464377,22.0,74.0,915.0,57.0,0.0,1068.0,12.4,180862.0,1463770.0,8.0,80.0,294.0,3658.0,48.0,2381.0,399.0,1271.0,236.0,0.0,8375.0,0.010506208213944603,57.21527289123291,7.296228232577522,51.60280902737452,417.63689315610793,0.901798516833811,0.5,0.25,4283.0,False,False,False,False,True,False,False,False,False,False,False,False,False,False,False,False,False
광주,2018,8188.501746,22.0,78.0,931.0,60.0,0.0,1091.0,12.8,187186.0,1459336.0,8.0,80.0,303.0,3729.0,51.0,2431.0,354.0,1274.0,251.0,0.0,8481.0,0.010374911577458146,58.115471693975884,7.476002784828168,56.11114743965748,437.4526805423483,0.9653975178024051,0.5833333333333334,0.34027777777777785,4367.5,False,False,False,False,True,False,False,False,False,False,False,False,False,False,False,False,False
광주,2019,8139.5,23.0,80.0,949.0,63.0,0.0,1115.0,13.4,195479.0,1456468.0,8.0,83.0,316.0,3789.0,54.0,2484.0,339.0,1284.0,259.0,0.0,8616.0,0.010560519902518278,59.15680948706047,7.655506334502371,55.885196241867305,416.3874380368224,0.9445862829290936,0.6666666666666666,0.4444444444444444,4453.0,False,False,False,False,True,False,False,False,False,False,False,False,False,False,False,False,False
광주,2020,6077.1,24.0,85.0,957.0,60.0,0.0,1126.0,14.2,205666.0,1450062.0,8.0,87.0,334.0,3825.0,58.0,2515.0,339.0,1279.0,259.0,0.0,8704.0,0.010913268236645606,60.02501961985073,7.765185212770212,41.909242501355116,295.4839399803565,0.6981160252728318,0.75,0.5625,4524.0,False,False,False,False,True,False,False,False,False,False,False,False,False,False,False,False,False
광주,2021,5917.6,24.0,84.0,968.0,59.0,0.0,1135.0,14.8,213291.0,1441611.0,8.0,87.0,333.0,3883.0,60.0,2529.0,347.0,1264.0,236.0,28.0,8775.0,0.010824977210574294,60.869402356114094,7.873136373127008,41.04852141111576,277.4425550070092,0.6742935278030994,0.8333333333333334,0.6944444444444445,4580.5,False,False,False,False,True,False,False,False,False,False,False,False,False,False,False,False,False
광주,2022,6335.274233,24.0,83.0,1018.0,61.0,0.0,1186.0,15.6,222970.0,1431050.0,8.0,88.0,339.0,4024.0,60.0,2556.0,342.0,1254.0,241.0,32.0,8944.0,0.010732252655114589,62.49956325774781,8.287620977603858,44.27011098843507,284.1312388662152,0.7082475386249302,0.9166666666666666,0.8402777777777777,4732.5,False,False,False,False,True,False,False,False,False,False,False,False,False,False,False,False,False
광주,2023,5740.08,25.0,78.0,1044.0,63.0,0.0,1210.0,16.5,233878.0,1419237.0,8.0,91.0,320.0,4165.0,56.0,2566.0,346.0,1272.0,248.0,36.0,9108.0,0.010868371939839718,64.17532801075508,8.52570782751577,40.44483056741052,245.43052360632467,0.6301547919639916,1.0,1.0,4851.0,False,False,False,False,True,False,False,False,False,False,False,False,False,False,False,False,False
대구,2011,6157.4,16.0,109.0,1804.0,68.0,0.0,1997.0,10.4,260038.0,2507271.0,16.0,32.0,416.0,6081.0,64.0,2967.0,29.0,3059.0,157.0,0.0,12821.0,0.003743565746373421,51.13527815700816,7.964835073671733,24.558175003818892,236.7884693775525,0.4802214943066604,0.0,0.0,6817.0,False,False,False,False,False,True,False,False,False,False,False,False,False,False,False,False,False
대구,2012,7674.2,16.0,109.0,1804.0,68.0,0.0,1997.0,10.9,274152.0,2505644.0,16.0,32.0,433.0,6208.0,61.0,3003.0,24.0,3110.0,182.0,0.0,13069.0,0.003672532517214996,52.158247540352896,7.970006912394577,30.627655006058323,279.92500510665616,0.5871614384085693,0.08333333333333333,0.006944444444444444,6969.5,False,False,False,False,False,True,False,False,False,False,False,False,False,False,False,False,False
대구,2013,7434.2,16.0,109.0,1804.0,68.0,0.0,1997.0,11.6,289246.0,2501588.0,16.0,31.0,429.0,6274.0,59.0,3071.0,15.0,3183.0,223.0,0.0,13301.0,0.003533303262667268,53.17022627227185,7.9829292433446275,29.71792317519911,257.0199760757279,0.5588783641557661,0.16666666666666666,0.027777777777777776,7027.5,False,False,False,False,False,True,False,False,False,False,False,False,False,False,False,False,False
대구,2014,7559.4,16.0,109.0,1804.0,68.0,0.0,1997.0,12.2,303537.0,2493264.0,16.0,28.0,444.0,6358.0,56.0,3168.0,8.0,3303.0,243.0,0.0,13624.0,0.0032293577981651377,54.64323072085427,8.00958101508705,30.319292301176286,249.04377390565236,0.5548183486238532,0.25,0.0625,7128.0,False,False,False,False,False,True,False,False,False,False,False,False,False,False,False,False,False
대구,2015,9051.9,12.0,114.0,1611.0,61.0,0.0,1798.0,12.7,316122.0,2487829.0,16.0,32.0,449.0,6426.0,66.0,3274.0,9.0,3353.0,247.0,0.0,13872.0,0.003459958192171845,55.75945935190883,7.227184826609867,36.384735446045525,286.3419818930666,0.6524832408275066,0.3333333333333333,0.1111111111111111,7211.5,False,False,False,False,False,True,False,False,False,False,False,False,False,False,False,False,False
대구,2016,9915.279617,12.0,113.0,1669.0,62.0,0.0,1856.0,13.2,328901.0,2484557.0,16.0,32.0,448.0,6635.0,71.0,3377.0,9.0,3419.0,245.0,0.0,14252.0,0.003367712060618817,57.36233863823611,7.470144577081548,39.90763591658392,301.4669951444356,0.6956626406370588,0.4166666666666667,0.17361111111111113,7419.0,False,False,False,False,False,True,False,False,False,False,False,False,False,False,False,False,False
대구,2017,10436.76126,12.0,112.0,1715.0,61.0,0.0,1900.0,14.0,347459.0,2475231.0,16.0,32.0,450.0,6809.0,72.0,3462.0,8.0,3455.0,255.0,0.0,14559.0,0.0032967032967032967,58.818752673992854,7.676051245318114,42.164796982584654,300.3738933226654,0.7168105260989011,0.5,0.25,7596.0,False,False,False,False,False,True,False,False,False,False,False,False,False,False,False,False,False
대구,2018,11327.634087999999,15.0,108.0,1759.0,63.0,0.0,1945.0,14.7,362934.0,2461769.0,20.0,33.0,439.0,6979.0,65.0,3513.0,8.0,3481.0,256.0,0.0,14794.0,0.003582291314633322,60.0949967279627,7.900822538589121,46.01420396470993,312.11278326086835,0.7656393435620141,0.5833333333333334,0.34027777777777785,7763.5,False,False,False,False,False,True,False,False,False,False,False,False,False,False,False,False,False
대구,2019,11680.0,16.0,109.0,1804.0,68.0,0.0,1997.0,15.6,379277.0,2438031.0,20.0,44.0,435.0,7162.0,65.0,3524.0,10.0,3503.0,264.0,0.0,15027.0,0.004258717061485228,61.63580364646717,8.191036127104208,47.907512250664574,307.954344713758,0.777215863721054,0.6666666666666666,0.4444444444444444,7962.5,False,False,False,False,False,True,False,False,False,False,False,False,False,False,False,False,False
대구,2020,11177.5,17.0,109.0,1832.0,70.0,0.0,2028.0,16.6,400494.0,2418346.0,20.0,48.0,436.0,7293.0,64.0,3542.0,19.0,3497.0,283.0,0.0,15202.0,0.004472801420772216,62.86114559289697,8.385896807156627,46.21960629289605,279.092820366847,0.735216733539433,0.75,0.5625,8103.0,False,False,False,False,False,True,False,False,False,False,False,False,False,False,False,False,False
대구,2021,11284.7,18.0,88.0,1883.0,74.0,0.0,2063.0,17.5,417060.0,2385412.0,20.0,49.0,367.0,7472.0,60.0,3582.0,39.0,3547.0,295.0,56.0,15487.0,0.004455061983471074,64.92379513476078,8.648401198618938,47.307131849760125,270.5773749580396,0.7286092458677687,0.8333333333333334,0.6944444444444445,8180.5,False,False,False,False,False,True,False,False,False,False,False,False,False,False,False,False,False
대구,2022,11587.500722,18.0,91.0,1924.0,76.0,0.0,2109.0,18.4,435698.0,2363691.0,20.0,52.0,359.0,7652.0,59.0,3639.0,49.0,3550.0,302.0,64.0,15746.0,0.004572299485616308,66.61615244970683,8.922486060995283,49.02290833277277,265.95258004397544,0.7358544943163777,0.9166666666666666,0.8402777777777777,8354.5,False,False,False,False,False,True,False,False,False,False,False,False,False,False,False,False,False
대구,2023,10758.119999999999,19.0,92.0,1982.0,71.0,0.0,2164.0,19.6,466338.0,2374960.0,20.0,56.0,363.0,7843.0,53.0,3708.0,69.0,3570.0,291.0,65.0,16038.0,0.004738450028056612,67.5295583925624,9.111732408124768,45.29811028396267,230.69361707602638,0.6707475528399526,1.0,1.0,8559.5,False,False,False,False,False,True,False,False,False,False,False,False,False,False,False,False,False
대전,2011,4606.6,10.0,46.0,1079.0,51.0,0.0,1191.0,9.0,135740.0,1515603.0,8.0,24.0,136.0,3852.0,20.0,1831.0,20.0,1781.0,167.0,0.0,7839.0,0.004081632653061225,51.721987882050904,7.8582583961631105,30.394503045982358,339.36938264328865,0.5875765306122449,0.0,0.0,4128.0,False,False,False,False,False,False,True,False,False,False,False,False,False,False,False,False,False
대전,2012,5017.4,10.0,46.0,1079.0,51.0,0.0,1191.0,9.4,142979.0,1524583.0,4.0,28.0,145.0,3939.0,24.0,1894.0,20.0,1856.0,172.0,0.0,8082.0,0.003958926141284177,53.01121683765331,7.811972191740298,32.90998259852038,350.9186663775799,0.6207348756649759,0.08333333333333333,0.006944444444444444,4224.5,False,False,False,False,False,False,True,False,False,False,False,False,False,False,False,False,False
대전,2013,5498.2,10.0,46.0,1079.0,51.0,0.0,1191.0,9.8,150651.0,1532811.0,4.0,30.0,158.0,3976.0,24.0,1939.0,20.0,1910.0,188.0,0.0,8249.0,0.004121212121212121,53.81615867840196,7.770038184746847,35.87004529586491,364.96272842530084,0.6664484848484848,0.16666666666666666,0.027777777777777776,4285.0,False,False,False,False,False,False,True,False,False,False,False,False,False,False,False,False,False
대전,2014,5834.1,10.0,46.0,1079.0,51.0,0.0,1191.0,10.3,158329.0,1531809.0,4.0,32.0,162.0,4024.0,22.0,1985.0,20.0,1953.0,198.0,0.0,8400.0,0.004285204142364004,54.837123949526344,7.775120788557842,38.08634105165853,368.4795583879138,0.6944530413046066,0.25,0.0625,4343.0,False,False,False,False,False,False,True,False,False,False,False,False,False,False,False,False,False
대전,2015,6528.5,10.0,38.0,1020.0,52.0,0.0,1120.0,10.9,165528.0,1518775.0,4.0,36.0,156.0,4071.0,20.0,2031.0,20.0,1996.0,206.0,0.0,8540.0,0.004683292354525232,56.22952708597389,7.374364207996576,42.98530065348719,394.40457203615097,0.7643718534129493,0.3333333333333333,0.1111111111111111,4389.0,False,False,False,False,False,False,True,False,False,False,False,False,False,False,False,False,False
대전,2016,7154.352008,10.0,40.0,1038.0,52.0,0.0,1140.0,11.3,171568.0,1514370.0,4.0,36.0,158.0,4154.0,23.0,2048.0,20.0,2027.0,210.0,0.0,8680.0,0.004607764082478977,57.31756439971737,7.52788288199053,47.243091239261204,416.9980420591252,0.8241391553968437,0.4166666666666667,0.17361111111111113,4475.0,False,False,False,False,False,False,True,False,False,False,False,False,False,False,False,False,False
대전,2017,7361.129593,10.0,45.0,1059.0,52.0,0.0,1166.0,12.0,180667.0,1502227.0,4.0,36.0,169.0,4214.0,24.0,2062.0,25.0,2046.0,207.0,0.0,8787.0,0.004551661356395084,58.493157159337436,7.761809633297764,49.00144647247053,407.44184566080133,0.8376342276968594,0.5,0.25,4551.5,False,False,False,False,False,False,True,False,False,False,False,False,False,False,False,False,False
대전,2018,8261.67987,10.0,49.0,1069.0,51.0,0.0,1179.0,12.7,188530.0,1489936.0,4.0,36.0,194.0,4237.0,24.0,2079.0,25.0,2046.0,204.0,0.0,8849.0,0.004519774011299435,59.39181280269757,7.913091569033838,55.44989764661033,438.2156616984034,0.9335231491525424,0.5833333333333334,0.34027777777777785,4612.0,False,False,False,False,False,False,True,False,False,False,False,False,False,False,False,False,False
대전,2019,8103.0,10.0,51.0,1079.0,51.0,0.0,1191.0,13.5,198691.0,1474870.0,4.0,36.0,201.0,4310.0,24.0,2114.0,26.0,2039.0,206.0,0.0,8960.0,0.004463787523713871,60.7511170476042,8.075287991483995,54.94043542820723,407.81917651025964,0.9042517576163375,0.6666666666666666,0.4444444444444444,4695.5,False,False,False,False,False,False,True,False,False,False,False,False,False,False,False,False,False
대전,2020,6314.5,10.0,50.0,1089.0,51.0,0.0,1200.0,14.4,210784.0,1463882.0,4.0,36.0,200.0,4361.0,24.0,2146.0,41.0,2017.0,204.0,0.0,9033.0,0.004427717511622758,61.705793226503225,8.197382029425869,43.13530735400804,299.57207378169124,0.6989705556785477,0.75,0.5625,4745.0,False,False,False,False,False,False,True,False,False,False,False,False,False,False,False,False,False
대전,2021,6448.7,10.0,46.0,1110.0,48.0,0.0,1214.0,15.2,221207.0,1452251.0,4.0,36.0,192.0,4415.0,24.0,2170.0,51.0,2027.0,195.0,19.0,9133.0,0.004379242391066345,62.88857780094488,8.35943648859598,44.40485838880469,291.52332430709697,0.7060105101817385,0.8333333333333334,0.6944444444444445,4787.0,False,False,False,False,False,False,True,False,False,False,False,False,False,False,False,False,False
대전,2022,7184.262283,10.0,47.0,1119.0,47.0,0.0,1223.0,16.1,232663.0,1446072.0,4.0,36.0,187.0,4495.0,24.0,2180.0,60.0,2046.0,188.0,28.0,9248.0,0.004324791869391285,63.95255561272191,8.457393546102821,49.68122114943101,308.7840474420084,0.7767609777273219,0.9166666666666666,0.8402777777777777,4859.5,False,False,False,False,False,False,True,False,False,False,False,False,False,False,False,False,False
대전,2023,6801.0,10.0,46.0,1107.0,47.0,0.0,1210.0,17.0,244756.0,1442216.0,4.0,36.0,185.0,4474.0,27.0,2204.0,67.0,2005.0,188.0,28.0,9218.0,0.004338865386701377,63.9155299899599,8.389866705126002,47.1565979021173,277.86857114840905,0.7377155873739017,1.0,1.0,4835.5,False,False,False,False,False,False,True,False,False,False,False,False,False,False,False,False,False
부산,2011,8832.9,29.0,139.0,2382.0,169.0,0.0,2723.0,11.8,418043.0,3550963.0,16.0,93.0,466.0,8349.0,40.0,4297.0,32.0,3963.0,517.0,0.0,17773.0,0.006132553167548104,50.051211460102515,7.668342362339456,24.874660761038626,211.291661384116,0.49695622819849217,0.0,0.0,9282.0,False,False,False,False,False,False,False,True,False,False,False,False,False,False,False,False,False
부산,2012,10104.2,29.0,139.0,2382.0,169.0,0.0,2723.0,12.5,442199.0,3538484.0,16.0,92.0,480.0,8355.0,45.0,4452.0,34.0,4051.0,585.0,0.0,18110.0,0.005963226768262382,51.180109900171935,7.695385933637116,28.55516656285573,228.4989337379777,0.5579040362210812,0.08333333333333333,0.006944444444444444,9307.0,False,False,False,False,False,False,False,True,False,False,False,False,False,False,False,False,False
부산,2013,11779.1,29.0,139.0,2382.0,169.0,0.0,2723.0,13.3,467416.0,3527635.0,16.0,92.0,496.0,8425.0,53.0,4594.0,35.0,4187.0,666.0,0.0,18564.0,0.00581739833019122,52.62449204637101,7.719052566379458,33.39092621543895,252.00463826655485,0.6344788580662537,0.16666666666666666,0.027777777777777776,9401.0,False,False,False,False,False,False,False,True,False,False,False,False,False,False,False,False,False
부산,2014,12986.743195,29.0,139.0,2382.0,169.0,0.0,2723.0,14.0,492116.0,3519401.0,16.0,92.0,517.0,8575.0,61.0,4688.0,26.0,4348.0,737.0,0.0,19060.0,0.0056660196212160955,54.15694318436575,7.737112082425391,36.900436167972906,263.8959756439539,0.6813253866533759,0.25,0.0625,9582.5,False,False,False,False,False,False,False,True,False,False,False,False,False,False,False,False,False
부산,2015,14941.842095,28.0,130.0,2192.0,179.0,0.0,2529.0,14.6,514630.0,3513777.0,16.0,94.0,538.0,8718.0,71.0,4807.0,36.0,4383.0,737.0,0.0,19400.0,0.0056698108344930675,55.21124419677174,7.197383328537923,42.523592404981876,290.34145104249654,0.7701583472501418,0.3333333333333333,0.1111111111111111,9761.0,False,False,False,False,False,False,False,True,False,False,False,False,False,False,False,False,False
부산,2016,16546.119327,29.0,139.0,2221.0,186.0,0.0,2575.0,15.3,536064.0,3498529.0,16.0,98.0,540.0,8867.0,82.0,4894.0,37.0,4419.0,781.0,0.0,19734.0,0.0057765391436534076,56.406564015904976,7.360236259296408,47.29450385290504,308.659401246866,0.8384149646313657,0.4166666666666667,0.17361111111111113,9921.0,False,False,False,False,False,False,False,True,False,False,False,False,False,False,False,False,False
부산,2017,18153.462136,29.0,139.0,2285.0,182.0,0.0,2635.0,16.3,565527.0,3470653.0,16.0,100.0,548.0,9069.0,88.0,4980.0,39.0,4448.0,794.0,0.0,20082.0,0.005776029477667679,57.862310060959715,7.592231202600779,52.30560973972333,321.00080342759935,0.9039218312005177,0.5,0.25,10139.0,False,False,False,False,False,False,False,True,False,False,False,False,False,False,False,False,False
부산,2018,19793.302739,29.0,137.0,2340.0,169.0,0.0,2675.0,17.1,589961.0,3441453.0,16.0,100.0,553.0,9295.0,93.0,5055.0,36.0,4522.0,765.0,0.0,20435.0,0.005676257584654531,59.37898904910222,7.772879652867553,57.514377616082506,335.5018846839028,0.968550731013897,0.5833333333333334,0.34027777777777785,10372.5,False,False,False,False,False,False,False,True,False,False,False,False,False,False,False,False,False
부산,2019,19819.5,29.0,142.0,2382.0,170.0,0.0,2723.0,18.2,620123.0,3413841.0,16.0,100.0,561.0,9512.0,99.0,5077.0,37.0,4540.0,756.0,0.0,20698.0,0.005604135465481424,60.62965439808122,7.976352735818686,58.05630666454589,319.6059491423475,0.9575100246388715,0.6666666666666666,0.4444444444444444,10601.5,False,False,False,False,False,False,False,True,False,False,False,False,False,False,False,False,False
부산,2020,13248.6,29.0,145.0,2416.0,168.0,0.0,2758.0,19.4,657711.0,3391946.0,16.0,100.0,580.0,9633.0,94.0,5146.0,47.0,4577.0,749.0,0.0,20942.0,0.005538843527670343,61.740369687489135,8.131025670809619,39.058994453331515,201.4349767603096,0.6326027789714941,0.75,0.5625,10751.0,False,False,False,False,False,False,False,True,False,False,False,False,False,False,False,False,False
부산,2021,14282.0,28.0,136.0,2466.0,169.0,0.0,2799.0,20.4,681885.0,3350380.0,12.0,102.0,549.0,9808.0,95.0,5224.0,65.0,4580.0,676.0,96.0,21207.0,0.005375330064126745,63.29729761997147,8.354276231352861,42.628000405924105,209.448807350213,0.6734251225952471,0.8333333333333334,0.6944444444444445,10871.5,False,False,False,False,False,False,False,True,False,False,False,False,False,False,False,False,False
부산,2022,15558.695214,28.0,139.0,2562.0,163.0,0.0,2892.0,21.5,712412.0,3317812.0,12.0,100.0,550.0,10128.0,97.0,5291.0,87.0,4594.0,662.0,92.0,21613.0,0.005181826593874341,65.1423287395428,8.716587919990644,46.89444493539718,218.39462577834172,0.719843398445452,0.9166666666666666,0.8402777777777777,11189.0,False,False,False,False,False,False,False,True,False,False,False,False,False,False,False,False,False
부산,2023,14278.1,29.0,142.0,2592.0,162.0,0.0,2925.0,22.6,745199.0,3293362.0,12.0,101.0,573.0,10335.0,97.0,5341.0,105.0,4563.0,647.0,92.0,21866.0,0.005167604152375726,66.39415891724019,8.881501638750917,43.35417728145281,191.6011696204638,0.6529519367082819,1.0,1.0,11432.5,False,False,False,False,False,False,False,True,False,False,False,False,False,False,False,False,False
서울,2011,36624.5,56.0,222.0,8635.0,118.0,1.0,9042.0,10.2,1044750.0,10249679.0,68.0,162.0,728.0,29560.0,293.0,18225.0,128.0,13570.0,320.0,0.0,63054.0,0.003647609230037269,61.51802412543846,8.821739685701376,35.73233854445588,350.5575496530271,0.5808341923717389,0.0,0.0,31180.0,False,False,False,False,False,False,False,False,True,False,False,False,False,False,False,False,False
서울,2012,41457.7,56.0,222.0,8635.0,118.0,1.0,9042.0,10.8,1105583.0,10195318.0,68.0,163.0,781.0,29734.0,287.0,18332.0,126.0,13720.0,354.0,0.0,63565.0,0.0036340181858226096,62.34724605941668,8.868776824813116,40.66346925127789,374.98496268484587,0.6521992889280432,0.08333333333333333,0.006944444444444444,31435.5,False,False,False,False,False,False,False,False,True,False,False,False,False,False,False,False,False
서울,2013,44607.2,56.0,222.0,8635.0,118.0,1.0,9042.0,11.5,1161708.0,10143645.0,68.0,162.0,826.0,29962.0,288.0,18376.0,126.0,13908.0,383.0,0.0,64099.0,0.0035881435257410295,63.19128873299489,8.913955486415386,43.97551373298257,383.97945094636515,0.6959001560062402,0.16666666666666666,0.027777777777777776,31729.0,False,False,False,False,False,False,False,False,True,False,False,False,False,False,False,False,False
서울,2014,48443.1,56.0,222.0,8635.0,118.0,1.0,9042.0,12.0,1216529.0,10103233.0,68.0,160.0,847.0,30423.0,278.0,18464.0,137.0,14043.0,414.0,0.0,64834.0,0.0035166191100485847,64.17153796215528,8.949610486069162,47.94811720169177,398.2075232074204,0.7471751368859412,0.25,0.0625,32217.5,False,False,False,False,False,False,False,False,True,False,False,False,False,False,False,False,False
서울,2015,52527.0,56.0,217.0,7778.0,102.0,1.0,8153.0,12.6,1262436.0,10022181.0,56.0,168.0,872.0,31017.0,278.0,18695.0,146.0,14138.0,418.0,0.0,65788.0,0.003404824514736506,65.64239859567493,8.134955854419312,52.4107477204812,416.07653774131916,0.7984161485962699,0.3333333333333333,0.1111111111111111,32829.0,False,False,False,False,False,False,False,False,True,False,False,False,False,False,False,False,False
서울,2016,58960.736525,56.0,221.0,7980.0,109.0,1.0,8366.0,13.0,1295899.0,9930616.0,56.0,168.0,879.0,31753.0,272.0,18906.0,160.0,14255.0,429.0,0.0,66878.0,0.0033493323763812257,67.34526841033829,8.42445221927824,59.37268798330335,454.97941216869526,0.8816031418681499,0.4166666666666667,0.17361111111111113,33575.5,False,False,False,False,False,False,False,False,True,False,False,False,False,False,False,False,False
서울,2017,51854.74787,57.0,220.0,8182.0,114.0,1.0,8573.0,13.8,1359901.0,9857426.0,56.0,172.0,881.0,32376.0,268.0,19125.0,173.0,14386.0,459.0,0.0,67896.0,0.0033580276006303666,68.8780215037881,8.69699655873653,52.604754902547576,381.3126681280475,0.7637266428560908,0.5,0.25,34209.5,False,False,False,False,False,False,False,False,True,False,False,False,False,False,False,False,False
서울,2018,56196.384756,58.0,222.0,8379.0,118.0,1.0,8777.0,14.4,1410297.0,9765623.0,52.0,177.0,892.0,33174.0,259.0,19224.0,175.0,14466.0,465.0,0.0,68884.0,0.0033243812150685927,70.5372304460248,8.987649840670686,57.54510977538248,398.471986794271,0.8158000254917617,0.5833333333333334,0.34027777777777785,35022.0,False,False,False,False,False,False,False,False,True,False,False,False,False,False,False,False,False
서울,2019,58071.5,57.0,227.0,8635.0,123.0,1.0,9042.0,15.2,1478664.0,9729107.0,52.0,177.0,902.0,34139.0,262.0,19316.0,195.0,14497.0,485.0,0.0,70025.0,0.003270213920543798,71.97474547252898,9.293761493218236,59.68841744673997,392.7295179973273,0.8292848370605204,0.6666666666666666,0.4444444444444444,36002.0,False,False,False,False,False,False,False,False,True,False,False,False,False,False,False,False,False
서울,2020,54921.0,56.0,229.0,8877.0,126.0,1.0,9288.0,16.1,1561139.0,9668465.0,52.0,175.0,921.0,35201.0,254.0,19461.0,228.0,14489.0,504.0,0.0,71285.0,0.0031843559745251522,73.72938723985659,9.606488723908086,56.80426003507279,351.8008325972255,0.7704317818365457,0.75,0.5625,37088.5,False,False,False,False,False,False,False,False,True,False,False,False,False,False,False,False,False
서울,2021,63480.3,56.0,222.0,9168.0,124.0,0.0,9570.0,16.8,1597447.0,9509458.0,56.0,168.0,894.0,36316.0,241.0,19586.0,272.0,14508.0,495.0,43.0,72579.0,0.003086249655552494,76.32296183441791,10.063665037481632,66.75490863937777,397.3859539627919,0.8746252411132543,0.8333333333333334,0.6944444444444445,38161.0,False,False,False,False,False,False,False,False,True,False,False,False,False,False,False,False,False
서울,2022,60909.553044,56.0,227.0,9438.0,122.0,0.0,9843.0,17.6,1658207.0,9428372.0,56.0,168.0,900.0,37524.0,240.0,19614.0,332.0,14490.0,496.0,49.0,73869.0,0.0030323541356436982,78.34756626064393,10.439766271419922,64.60240754607476,367.32177010469746,0.8245506030052796,0.9166666666666666,0.8402777777777777,39378.0,False,False,False,False,False,False,False,False,True,False,False,False,False,False,False,False,False
서울,2023,58092.88313,56.0,230.0,9687.0,110.0,0.0,10083.0,18.5,1733580.0,9386034.0,56.0,170.0,926.0,38504.0,240.0,19540.0,343.0,14510.0,462.0,48.0,74799.0,0.0030213903743315507,79.69180593209018,10.74255644077147,61.892896541819475,335.1035610124713,0.7766428225935829,1.0,1.0,40401.0,False,False,False,False,False,False,False,False,True,False,False,False,False,False,False,False,False
세종,2011,122.2,1.0,1.0,177.0,5.0,0.0,183.0,10.629154281337438,30003.455603135488,282275.09742534504,8.0,57.0,290.5,4391.0,36.0,2290.5,36.0,2028.5,268.0,0.0,9256.0,0.005910771040682028,327.9070695369431,6.483037351475862,4.329110187706833,40.728641932574455,0.013200821000324079,0.0,0.0,4964.75,False,False,False,False,False,False,False,False,False,True,False,False,False,False,False,False,False
세종,2012,150.4,1.0,1.0,177.0,5.0,0.0,183.0,15.2,17214.0,113117.0,8.0,57.0,290.5,4391.0,36.0,2290.5,36.0,2028.5,268.0,0.0,9256.0,0.005910771040682028,818.2678112043283,16.177939655401044,13.295967891652007,87.37074474265133,0.016247164308091176,0.08333333333333333,0.006944444444444444,4964.75,False,False,False,False,False,False,False,False,False,True,False,False,False,False,False,False,False
세종,2013,166.2,1.0,1.0,177.0,5.0,0.0,183.0,14.7,17958.0,122153.0,8.0,57.0,290.5,4391.0,36.0,2290.5,36.0,2028.5,268.0,0.0,9256.0,0.005910771040682028,757.7382462976759,14.981212086481708,13.605887698214534,92.54928165720013,0.0179539807713082,0.16666666666666666,0.027777777777777776,4964.75,False,False,False,False,False,False,False,False,False,True,False,False,False,False,False,False,False
세종,2014,183.3,1.0,1.0,177.0,5.0,0.0,183.0,12.7,19777.0,156125.0,8.0,57.0,290.5,4391.0,36.0,2290.5,36.0,2028.5,268.0,0.0,9256.0,0.005910771040682028,592.8582866293034,11.721377101681345,11.740592473979184,92.68342013449967,0.01980123150048612,0.25,0.0625,4964.75,False,False,False,False,False,False,False,False,False,True,False,False,False,False,False,False,False
세종,2015,225.6,0.0,1.0,96.0,6.0,0.0,103.0,10.6,22399.0,210884.0,8.0,57.0,290.5,4391.0,36.0,2290.5,36.0,2028.5,268.0,0.0,9256.0,0.005910771040682028,438.9142846304129,4.884201741241631,10.6978243963506,100.7187820884861,0.02437074646213676,0.3333333333333333,0.1111111111111111,4964.75,False,False,False,False,False,False,False,False,False,True,False,False,False,False,False,False,False
세종,2016,261.874185,0.0,1.0,112.0,6.0,0.0,119.0,10.0,24197.0,243048.0,8.0,57.0,290.5,4391.0,36.0,2290.5,36.0,2028.5,268.0,0.0,9256.0,0.005910771040682028,380.8301240907146,4.896152200388401,10.774587118593859,108.22588957308757,0.028289314572755752,0.4166666666666667,0.17361111111111113,4964.75,False,False,False,False,False,False,False,False,False,True,False,False,False,False,False,False,False
세종,2017,281.030036,0.0,1.0,145.0,6.0,0.0,152.0,9.6,26851.0,280100.0,8.0,57.0,290.5,4391.0,36.0,2290.5,36.0,2028.5,268.0,0.0,9256.0,0.005910771040682028,330.45340949660834,5.426633345233845,10.033203712959656,104.66278201929165,0.030358651398941342,0.5,0.25,4964.75,False,False,False,False,False,False,False,False,False,True,False,False,False,False,False,False,False
세종,2018,0.004,0.0,0.0,168.0,5.0,0.0,173.0,9.3,29178.0,314126.0,8.0,57.0,290.5,4391.0,36.0,2290.5,36.0,2028.5,268.0,0.0,9256.0,0.005910771040682028,294.658831169658,5.507344186727619,0.00012733743784341315,0.0013708958804578791,4.321054337258291e-07,0.5833333333333334,0.34027777777777785,4964.75,False,False,False,False,False,False,False,False,False,True,False,False,False,False,False,False,False
세종,2019,292.0,1.0,0.0,177.0,5.0,0.0,183.0,9.4,31949.0,340575.0,8.0,57.0,290.5,4391.0,36.0,2290.5,36.0,2028.5,268.0,0.0,9256.0,0.005910771040682028,271.77567349335686,5.373265800484475,8.573735594215666,91.3956618360512,0.031543696661985525,0.6666666666666666,0.4444444444444444,4964.75,False,False,False,False,False,False,False,False,False,True,False,False,False,False,False,False,False
세종,2020,327.8,2.0,2.0,186.0,5.0,0.0,195.0,9.8,34881.0,355831.0,8.0,57.0,290.5,4391.0,36.0,2290.5,36.0,2028.5,268.0,0.0,9256.0,0.005910771040682028,260.1234855872591,5.480129612091133,9.212238394069095,93.97666351308735,0.03541104029383169,0.75,0.5625,4964.75,False,False,False,False,False,False,False,False,False,True,False,False,False,False,False,False,False
세종,2021,573.0,2.0,1.0,194.0,5.0,0.0,202.0,10.1,37463.0,371895.0,8.0,57.0,290.5,4391.0,36.0,2290.5,36.0,2028.5,268.0,0.0,9256.0,0.005910771040682028,248.88745479234728,5.431640651259092,15.407574718670592,152.95091156607853,0.06189910338122502,0.8333333333333334,0.6944444444444445,4964.75,False,False,False,False,False,False,False,False,False,True,False,False,False,False,False,False,False
세종,2022,630.804665,2.0,1.0,213.0,4.0,0.0,220.0,10.5,40219.0,383591.0,8.0,57.0,290.5,4391.0,36.0,2290.5,36.0,2028.5,268.0,0.0,9256.0,0.005910771040682028,241.29867489070392,5.735275332320102,16.444720157667934,156.84245381536093,0.06814353084152533,0.9166666666666666,0.8402777777777777,4964.75,False,False,False,False,False,False,False,False,False,True,False,False,False,False,False,False,False
세종,2023,628.03,2.0,3.0,225.0,4.0,0.0,234.0,11.0,42560.0,386525.0,8.0,57.0,290.5,4391.0,36.0,2290.5,36.0,2028.5,268.0,0.0,9256.0,0.005910771040682028,239.46704611603388,6.053942177090744,16.248108143069658,147.56343984962405,0.0678437938857081,1.0,1.0,4964.75,False,False,False,False,False,False,False,False,False,True,False,False,False,False,False,False,False
울산,2011,2265.8,8.0,40.0,600.0,42.0,0.0,693.0,7.1,80465.0,1135494.0,0.0,16.0,155.0,2137.0,16.0,1303.0,12.0,1108.0,129.0,0.0,4876.0,0.003280705351650605,42.94166239539795,6.103070557836501,19.95431063484263,281.58826819113904,0.4645888866106213,0.0,0.0,2401.5,False,False,False,False,False,False,False,False,False,False,True,False,False,False,False,False,False
울산,2012,3179.5,8.0,40.0,600.0,42.0,0.0,693.0,7.5,85736.0,1147256.0,0.0,16.0,166.0,2138.0,19.0,1337.0,12.0,1110.0,143.0,0.0,4941.0,0.003237555645487657,43.06798133982302,6.040500115057145,27.7139539910883,370.8477185779602,0.6433630109267503,0.08333333333333333,0.006944444444444444,2419.0,False,False,False,False,False,False,False,False,False,False,True,False,False,False,False,False,False
울산,2013,2996.3,8.0,40.0,600.0,42.0,0.0,693.0,7.9,91521.0,1156480.0,0.0,16.0,170.0,2133.0,20.0,1375.0,12.0,1119.0,158.0,0.0,5003.0,0.0031974420463629096,43.260583840619816,5.99232152739347,25.908792197011625,327.38934233673143,0.5987809752198242,0.16666666666666666,0.027777777777777776,2420.0,False,False,False,False,False,False,False,False,False,False,True,False,False,False,False,False,False
울산,2014,3297.1000000000004,8.0,40.0,600.0,42.0,0.0,693.0,8.3,97250.0,1166377.0,0.0,21.0,161.0,2190.0,20.0,1402.0,12.0,1134.0,176.0,0.0,5116.0,0.004103967168262654,43.862318958621444,5.941475183409824,28.26787565255488,339.0334190231363,0.644342388118038,0.25,0.0625,2473.5,False,False,False,False,False,False,False,False,False,False,True,False,False,False,False,False,False
울산,2015,4136.6,7.0,40.0,568.0,43.0,0.0,658.0,8.8,103205.0,1173534.0,4.0,23.0,155.0,2275.0,16.0,1440.0,12.0,1143.0,172.0,0.0,5240.0,0.005151688609044075,44.651454495566384,5.606995621771504,35.24908524167174,400.8139140545517,0.7892768555619157,0.3333333333333333,0.1111111111111111,2565.5,False,False,False,False,False,False,False,False,False,False,True,False,False,False,False,False,False
울산,2016,4105.890521,7.0,40.0,587.0,46.0,0.0,680.0,9.3,108768.0,1172304.0,4.0,24.0,163.0,2349.0,12.0,1478.0,12.0,1159.0,177.0,0.0,5378.0,0.005205428518311954,45.8754725736669,5.800543203810616,35.02411081937791,377.49067014195356,0.763318557538576,0.4166666666666667,0.17361111111111113,2653.5,False,False,False,False,False,False,False,False,False,False,True,False,False,False,False,False,False
울산,2017,4658.525082,8.0,42.0,585.0,43.0,0.0,678.0,10.0,116633.0,1165132.0,4.0,28.0,170.0,2368.0,12.0,1502.0,12.0,1143.0,176.0,0.0,5415.0,0.005908419497784343,46.475420810689265,5.819083159676329,39.98280951857816,399.41741033841197,0.8601412632939439,0.5,0.25,2691.0,False,False,False,False,False,False,False,False,False,False,True,False,False,False,False,False,False
울산,2018,4201.632176,8.0,41.0,596.0,42.0,0.0,687.0,10.7,123919.0,1155623.0,0.0,32.0,164.0,2402.0,12.0,1521.0,10.0,1136.0,169.0,0.0,5446.0,0.005874793464292271,47.12609562114981,5.944845334507881,36.358156388372336,339.0627890799635,0.7713662889664036,0.5833333333333334,0.34027777777777785,2712.0,False,False,False,False,False,False,False,False,False,False,True,False,False,False,False,False,False
울산,2019,4599.0,8.0,43.0,600.0,42.0,0.0,693.0,11.5,132565.0,1148019.0,0.0,32.0,170.0,2432.0,13.0,1526.0,10.0,1108.0,168.0,0.0,5459.0,0.005860805860805861,47.55147780655198,6.036485458864356,40.060312590645275,346.9241504167766,0.8423076923076923,0.6666666666666666,0.4444444444444444,2751.0,False,False,False,False,False,False,False,False,False,False,True,False,False,False,False,False,False
울산,2020,3146.3,9.0,38.0,607.0,41.0,0.0,695.0,12.6,143367.0,1136017.0,0.0,35.0,161.0,2446.0,16.0,1549.0,15.0,1110.0,168.0,0.0,5500.0,0.006362479549172878,48.41476844096523,6.117866193903788,27.69588835378344,219.45775527143624,0.5719505544446465,0.75,0.5625,2757.5,False,False,False,False,False,False,False,False,False,False,True,False,False,False,False,False,False
울산,2021,3009.7,9.0,33.0,610.0,41.0,0.0,693.0,13.6,152961.0,1121592.0,4.0,32.0,135.0,2454.0,16.0,1553.0,20.0,1117.0,164.0,23.0,5518.0,0.006522920818988948,49.19792580546223,6.178717394560589,26.834178560474754,196.76257346643916,0.5453342996919731,0.8333333333333334,0.6944444444444445,2732.5,False,False,False,False,False,False,False,False,False,False,True,False,False,False,False,False,False
울산,2022,3731.71158,9.0,33.0,615.0,39.0,0.0,696.0,14.7,163812.0,1110663.0,4.0,32.0,131.0,2490.0,16.0,1552.0,20.0,1119.0,159.0,28.0,5551.0,0.006484149855907781,49.9791565938543,6.266527290456241,33.59895467842181,227.80453080360414,0.6721382528818444,0.9166666666666666,0.8402777777777777,2762.5,False,False,False,False,False,False,False,False,False,False,True,False,False,False,False,False,False
울산,2023,3776.6099999999997,9.0,34.0,628.0,38.0,0.0,709.0,15.9,175709.0,1103661.0,4.0,32.0,136.0,2530.0,16.0,1552.0,23.0,1107.0,155.0,25.0,5580.0,0.006450456907364272,50.55900317216972,6.424074058972819,34.2189313566394,214.9354899293718,0.676690557247805,1.0,1.0,2810.0,False,False,False,False,False,False,False,False,False,False,True,False,False,False,False,False,False
인천,2011,4369.6,19.0,59.0,1573.0,67.0,0.0,1722.0,8.9,250528.0,2801274.0,8.0,49.0,229.0,5381.0,12.0,2834.0,47.0,2089.0,150.0,0.0,10799.0,0.005277777777777778,38.55031674873646,6.147203022624705,15.598616915017953,174.41563418061057,0.4045925925925926,0.0,0.0,5846.5,False,False,False,False,False,False,False,False,False,False,False,True,False,False,False,False,False
인천,2012,5144.7,19.0,59.0,1573.0,67.0,0.0,1722.0,9.4,267059.0,2843981.0,8.0,53.0,218.0,5484.0,12.0,2950.0,50.0,2164.0,175.0,0.0,11114.0,0.005488079172289699,39.07902338306761,6.054892771787153,18.08978330024005,192.6428242448298,0.4628609986504723,0.08333333333333333,0.006944444444444444,5941.0,False,False,False,False,False,False,False,False,False,False,False,True,False,False,False,False,False
인천,2013,5674.5,19.0,59.0,1573.0,67.0,0.0,1722.0,9.8,282471.0,2879782.0,8.0,58.0,210.0,5529.0,15.0,3065.0,55.0,2232.0,203.0,0.0,11375.0,0.0058016877637130804,39.49951767182377,5.97961929062686,19.70461653000123,200.88787875569528,0.4988132911392405,0.16666666666666666,0.027777777777777776,5984.0,False,False,False,False,False,False,False,False,False,False,False,True,False,False,False,False,False
인천,2014,6543.900000000001,19.0,59.0,1573.0,67.0,0.0,1722.0,10.3,297951.0,2902608.0,8.0,65.0,203.0,5591.0,16.0,3169.0,51.0,2347.0,243.0,0.0,11693.0,0.0062425175303574484,40.28446142227955,5.932595789717385,22.544897554199533,219.6300734013311,0.5595946639302207,0.25,0.0625,6049.5,False,False,False,False,False,False,False,False,False,False,False,True,False,False,False,False,False
인천,2015,7586.6,19.0,55.0,1440.0,60.0,0.0,1574.0,10.7,312905.0,2925815.0,12.0,64.0,214.0,5732.0,16.0,3272.0,58.0,2429.0,247.0,0.0,12044.0,0.00630967206309672,41.16459858193358,5.379697622713671,25.92986911339234,242.4569757594158,0.6298547114985471,0.3333333333333333,0.1111111111111111,6217.0,False,False,False,False,False,False,False,False,False,False,False,True,False,False,False,False,False
인천,2016,7763.683497,18.0,58.0,1471.0,64.0,0.0,1611.0,11.0,324255.0,2943069.0,12.0,61.0,232.0,5842.0,20.0,3384.0,70.0,2476.0,264.0,0.0,12361.0,0.0059051933344119074,42.00037443906344,5.47387777860458,26.379549704746985,239.43141962344453,0.6280281100954538,0.4166666666666667,0.17361111111111113,6348.0,False,False,False,False,False,False,False,False,False,False,False,True,False,False,False,False,False
인천,2017,8712.042656,19.0,60.0,1499.0,69.0,0.0,1647.0,11.7,345024.0,2948542.0,12.0,64.0,237.0,5964.0,21.0,3473.0,78.0,2545.0,286.0,0.0,12680.0,0.005993218200457377,43.00430517862727,5.585811563816964,29.546951191470225,252.50540994249673,0.6870154290671082,0.5,0.25,6483.5,False,False,False,False,False,False,False,False,False,False,False,True,False,False,False,False,False
인천,2018,9970.266497,19.0,62.0,1531.0,68.0,0.0,1680.0,12.3,362675.0,2954642.0,12.0,64.0,241.0,6067.0,29.0,3589.0,100.0,2583.0,286.0,0.0,12971.0,0.00585877274128893,43.900411623472486,5.685968046213382,33.74441471081776,274.9091196525815,0.768599020736972,0.5833333333333334,0.34027777777777785,6592.5,False,False,False,False,False,False,False,False,False,False,False,True,False,False,False,False,False
인천,2019,10621.5,19.0,62.0,1573.0,68.0,0.0,1722.0,13.0,384548.0,2957026.0,12.0,64.0,247.0,6230.0,36.0,3618.0,119.0,2611.0,288.0,0.0,13225.0,0.0057462573718433385,44.723989576013196,5.823418529292606,35.91953537101128,276.20739153499693,0.8030772720399214,0.6666666666666666,0.4444444444444444,6764.5,False,False,False,False,False,False,False,False,False,False,False,True,False,False,False,False,False
인천,2020,8989.9,19.0,68.0,1590.0,67.0,0.0,1744.0,14.0,411483.0,2942828.0,12.0,64.0,262.0,6332.0,36.0,3694.0,131.0,2630.0,281.0,0.0,13442.0,0.005653499962805921,45.67715136596498,5.926272279589565,30.54850640268476,218.47561138613258,0.6687420962582756,0.75,0.5625,6889.0,False,False,False,False,False,False,False,False,False,False,False,True,False,False,False,False,False
인천,2021,10771.2,20.0,56.0,1633.0,67.0,0.0,1776.0,14.8,435431.0,2948375.0,12.0,68.0,241.0,6478.0,36.0,3787.0,160.0,2660.0,268.0,41.0,13751.0,0.005817335660267597,46.63925043456141,6.023657099249587,36.53266629923263,247.3686990590932,0.7832460732984293,0.8333333333333334,0.6944444444444445,7011.5,False,False,False,False,False,False,False,False,False,False,False,True,False,False,False,False,False
인천,2022,10680.963518999999,21.0,59.0,1723.0,66.0,0.0,1869.0,15.6,463850.0,2967314.0,12.0,69.0,232.0,6797.0,38.0,3890.0,193.0,2666.0,269.0,65.0,14231.0,0.005691399662731872,47.95919811654581,6.29862562573425,35.995393541094735,230.26761925191332,0.7504892860455311,0.9166666666666666,0.8402777777777777,7319.0,False,False,False,False,False,False,False,False,False,False,False,True,False,False,False,False,False
인천,2023,9233.155607,21.0,57.0,1767.0,63.0,0.0,1908.0,16.6,497057.0,2997410.0,12.0,72.0,235.0,7030.0,44.0,3948.0,188.0,2713.0,250.0,70.0,14562.0,0.005768042298976859,48.58194241028088,6.36549554448674,30.803779286117017,185.75647475038076,0.6340146677882305,1.0,1.0,7562.5,False,False,False,False,False,False,False,False,False,False,False,True,False,False,False,False,False
전남,2011,4043.0,24.0,72.0,938.0,80.0,1.0,1118.0,18.6,356349.0,1914339.0,0.0,86.0,304.0,3566.0,20.0,1523.0,27.0,1271.0,174.0,0.0,6971.0,0.012335054503729202,36.41465800989271,5.8401359424845865,21.119561373403563,113.45619042006571,0.5798909925415949,0.0,0.0,4194.0,False,False,False,False,False,False,False,False,False,False,False,False,True,False,False,False,False
전남,2012,5051.5,24.0,72.0,938.0,80.0,1.0,1118.0,19.2,366524.0,1909618.0,4.0,84.0,309.0,3568.0,20.0,1582.0,37.0,1333.0,194.0,0.0,7131.0,0.012338754907459339,37.3425470434401,5.854574056172491,26.452934565970786,137.82180703037182,0.7082865956253506,0.08333333333333333,0.006944444444444444,4211.5,False,False,False,False,False,False,False,False,False,False,False,False,True,False,False,False,False
전남,2013,5476.1,24.0,72.0,938.0,80.0,1.0,1118.0,19.6,374565.0,1907172.0,4.0,84.0,303.0,3572.0,21.0,1644.0,42.0,1367.0,234.0,0.0,7271.0,0.0121012101210121,38.12451105616064,5.862082706751148,28.713194195384585,146.19892408527227,0.7530390539053906,0.16666666666666666,0.027777777777777776,4206.5,False,False,False,False,False,False,False,False,False,False,False,False,True,False,False,False,False
전남,2014,6162.099999999999,24.0,72.0,938.0,80.0,1.0,1118.0,20.1,383808.0,1905780.0,4.0,86.0,323.0,3577.0,24.0,1694.0,65.0,1396.0,242.0,0.0,7411.0,0.012142471667566108,38.88696491725173,5.86636442821312,32.33374261457251,160.55162998165747,0.8313680518078791,0.25,0.0625,4245.5,False,False,False,False,False,False,False,False,False,False,False,False,True,False,False,False,False
전남,2015,6904.9,23.0,81.0,901.0,67.0,1.0,1072.0,20.5,391837.0,1908996.0,4.0,88.0,332.0,3606.0,24.0,1745.0,79.0,1407.0,262.0,0.0,7547.0,0.012188659247482777,39.53387016002129,5.615517266667924,36.17032199124566,176.2186827686002,0.9147986221515633,0.3333333333333333,0.1111111111111111,4292.0,False,False,False,False,False,False,False,False,False,False,False,False,True,False,False,False,False
전남,2016,7226.0254939999995,24.0,79.0,919.0,72.0,1.0,1094.0,21.0,398916.0,1903914.0,4.0,90.0,331.0,3655.0,26.0,1771.0,81.0,1417.0,285.0,0.0,7660.0,0.012269938650306749,40.23290967974394,5.746057857655335,37.95352885687063,181.14153089873557,0.9432222286907713,0.4166666666666667,0.17361111111111113,4343.5,False,False,False,False,False,False,False,False,False,False,False,False,True,False,False,False,False
전남,2017,7710.046522000001,23.0,72.0,930.0,74.0,1.0,1099.0,21.5,408451.0,1896424.0,4.0,88.0,303.0,3718.0,29.0,1832.0,89.0,1450.0,317.0,0.0,7830.0,0.011748180309028222,41.288235120416104,5.795117547552657,40.655710547852166,188.76307126191392,0.9845545296896949,0.5,0.25,4360.5,False,False,False,False,False,False,False,False,False,False,False,False,True,False,False,False,False
전남,2018,7943.253832,24.0,72.0,938.0,77.0,1.0,1111.0,21.9,413132.0,1882970.0,4.0,91.0,298.0,3759.0,28.0,1870.0,94.0,1495.0,330.0,0.0,7969.0,0.01191969887076537,42.32143900327674,5.900253323207486,42.18470730813556,192.26914961803976,0.9966441445420327,0.5833333333333334,0.34027777777777785,4400.0,False,False,False,False,False,False,False,False,False,False,False,False,True,False,False,False,False
전남,2019,6872.6700475,23.0,76.0,940.0,83.0,1.0,1122.0,22.6,422548.0,1868745.0,4.0,88.0,309.0,3777.0,28.0,1915.0,97.0,1506.0,350.0,0.0,8074.0,0.011393188854489164,43.20546677047965,6.004029442219243,36.77692808542631,162.648268303246,0.8511046498452012,0.6666666666666666,0.4444444444444444,4428.5,False,False,False,False,False,False,False,False,False,False,False,False,True,False,False,False,False
전남,2020,6391.7,23.0,77.0,935.0,83.0,1.0,1118.0,23.5,435880.0,1851549.0,4.0,90.0,312.0,3760.0,24.0,1961.0,100.0,1483.0,361.0,0.0,8095.0,0.011610671936758894,43.72014999332991,6.038187485181327,34.52082553580813,146.63898320638708,0.7894886363636363,0.75,0.5625,4420.0,False,False,False,False,False,False,False,False,False,False,False,False,True,False,False,False,False
전남,2021,5710.599999999999,25.0,72.0,955.0,82.0,1.0,1134.0,24.3,445198.0,1832803.0,4.0,92.0,302.0,3832.0,24.0,1988.0,104.0,1484.0,329.0,36.0,8195.0,0.01171303074670571,44.71293423242978,6.18724434650096,31.157740357256067,128.2710164915386,0.6967545143972669,0.8333333333333334,0.6944444444444445,4481.0,False,False,False,False,False,False,False,False,False,False,False,False,True,False,False,False,False
전남,2022,7322.999496,26.0,70.0,960.0,82.0,1.0,1138.0,25.2,457481.0,1817697.0,4.0,100.0,291.0,3848.0,24.0,2025.0,102.0,1478.0,330.0,42.0,8244.0,0.012613705275924803,45.35409366907686,6.2606694074975096,40.28723982049814,160.0722105617501,0.8881745901758642,0.9166666666666666,0.8402777777777777,4496.5,False,False,False,False,False,False,False,False,False,False,False,False,True,False,False,False,False
전남,2023,5620.66,26.0,71.0,960.0,80.0,1.0,1137.0,26.1,470874.0,1804217.0,4.0,100.0,290.0,3878.0,24.0,2049.0,108.0,1456.0,326.0,43.0,8278.0,0.012561903611547288,45.8813989669757,6.3019027090422055,31.152904556380967,119.36653966878612,0.6789056649353786,1.0,1.0,4525.0,False,False,False,False,False,False,False,False,False,False,False,False,True,False,False,False,False
전북,2011,4807.8,13.0,74.0,1165.0,83.0,0.0,1335.0,15.6,291919.0,1874031.0,8.0,48.0,271.0,4281.0,16.0,1799.0,57.0,1732.0,254.0,0.0,8466.0,0.006613912838077241,45.17534661913277,7.123681518608818,25.65485843083706,164.6963712536697,0.56782803826621,0.0,0.0,4807.5,False,False,False,False,False,False,False,False,False,False,False,False,False,True,False,False,False
전북,2012,4845.0,13.0,74.0,1165.0,83.0,0.0,1335.0,16.2,303586.0,1873341.0,8.0,44.0,288.0,4315.0,12.0,1852.0,68.0,1809.0,270.0,0.0,8666.0,0.005999769239644629,46.25959715823227,7.126305354978085,25.862883479302486,159.59233956770075,0.5590169608861197,0.08333333333333333,0.006944444444444444,4859.0,False,False,False,False,False,False,False,False,False,False,False,False,False,True,False,False,False
전북,2013,5573.0,13.0,74.0,1165.0,83.0,0.0,1335.0,16.7,312764.0,1872965.0,8.0,44.0,292.0,4343.0,13.0,1941.0,81.0,1905.0,308.0,0.0,8935.0,0.005819158460161146,47.70510927860371,7.127735969438831,29.754960717365247,178.1854689158599,0.6236571172784243,0.16666666666666666,0.027777777777777776,4893.0,False,False,False,False,False,False,False,False,False,False,False,False,False,True,False,False,False
전북,2014,6236.3,13.0,74.0,1165.0,83.0,0.0,1335.0,17.2,322626.0,1871560.0,8.0,44.0,309.0,4335.0,8.0,2000.0,83.0,1928.0,324.0,0.0,9039.0,0.005752212389380531,48.29660817713565,7.13308683664964,33.32140032913719,193.2981222840069,0.6898561946902655,0.25,0.0625,4910.5,False,False,False,False,False,False,False,False,False,False,False,False,False,True,False,False,False
전북,2015,7378.0,12.0,81.0,1106.0,82.0,0.0,1281.0,17.8,333524.0,1869711.0,8.0,41.0,313.0,4406.0,10.0,2093.0,100.0,1965.0,328.0,0.0,9264.0,0.0052887209929843495,49.54776433363231,6.851326221004208,39.46064391769637,221.2134658975066,0.7963302752293578,0.3333333333333333,0.1111111111111111,4981.5,False,False,False,False,False,False,False,False,False,False,False,False,False,True,False,False,False
전북,2016,7377.131308,13.0,79.0,1124.0,84.0,0.0,1300.0,18.3,341203.0,1864791.0,8.0,44.0,318.0,4448.0,12.0,2170.0,101.0,1996.0,330.0,0.0,9427.0,0.005515485787017395,50.55258203198107,6.971290616481955,39.560097126165886,216.20945032722454,0.7824704399660586,0.4166666666666667,0.17361111111111113,5037.0,False,False,False,False,False,False,False,False,False,False,False,False,False,True,False,False,False
전북,2017,8274.545064,13.0,79.0,1145.0,82.0,0.0,1319.0,18.9,351282.0,1854607.0,8.0,44.0,321.0,4541.0,12.0,2224.0,113.0,1995.0,332.0,0.0,9590.0,0.005421749556876238,51.709068282390824,7.112018880549895,44.61616430866486,235.55277708507694,0.8627405968095089,0.5,0.25,5134.5,False,False,False,False,False,False,False,False,False,False,False,False,False,True,False,False,False
전북,2018,8573.625423,13.0,77.0,1153.0,86.0,0.0,1329.0,19.5,358410.0,1836832.0,8.0,44.0,312.0,4597.0,12.0,2261.0,112.0,2019.0,342.0,0.0,9707.0,0.005356407086938607,52.84642253619275,7.235283357432797,46.67615450405916,239.21278488323426,0.8831505380098887,0.5833333333333334,0.34027777777777785,5177.0,False,False,False,False,False,False,False,False,False,False,False,False,False,True,False,False,False
전북,2019,8979.0,13.0,74.0,1165.0,83.0,0.0,1335.0,20.4,370676.0,1818917.0,8.0,44.0,299.0,4639.0,12.0,2332.0,117.0,2027.0,338.0,0.0,9816.0,0.005296933890190486,53.966178775612086,7.339532260130617,49.36453944847401,242.2331092382566,0.9146378730773148,0.6666666666666666,0.4444444444444444,5199.5,False,False,False,False,False,False,False,False,False,False,False,False,False,True,False,False,False
전북,2020,5825.4,13.0,73.0,1171.0,83.0,0.0,1340.0,21.4,386203.0,1804104.0,8.0,44.0,293.0,4667.0,12.0,2351.0,123.0,2017.0,336.0,0.0,9851.0,0.005278116118554608,54.60328229414712,7.427509722277651,32.28971278817629,150.83777184537664,0.5912911084043848,0.75,0.5625,5218.5,False,False,False,False,False,False,False,False,False,False,False,False,False,True,False,False,False
전북,2021,6111.8,13.0,64.0,1178.0,84.0,0.0,1339.0,22.3,397619.0,1786855.0,8.0,44.0,259.0,4724.0,12.0,2372.0,128.0,2030.0,333.0,37.0,9947.0,0.005227181342983514,55.66763951187981,7.493613079964519,34.204230337660306,153.70995852813877,0.6143747486932046,0.8333333333333334,0.6944444444444445,5224.5,False,False,False,False,False,False,False,False,False,False,False,False,False,True,False,False,False
전북,2022,6863.8944280000005,14.0,61.0,1196.0,84.0,0.0,1355.0,23.2,410619.0,1769607.0,8.0,48.0,247.0,4760.0,12.0,2381.0,129.0,2039.0,335.0,43.0,10002.0,0.005598320503848845,56.52102415960154,7.657067360153977,38.787676744045434,167.15968885998944,0.6861835877236829,0.9166666666666666,0.8402777777777777,5250.5,False,False,False,False,False,False,False,False,False,False,False,False,False,True,False,False,False
전북,2023,6104.95,14.0,60.0,1216.0,80.0,0.0,1370.0,24.1,423128.0,1754757.0,8.0,48.0,240.0,4831.0,12.0,2401.0,138.0,2023.0,324.0,40.0,10065.0,0.005563282336578581,57.3583692784813,7.8073488237972555,34.79085708163581,144.28139948195343,0.6064921517981323,1.0,1.0,5311.0,False,False,False,False,False,False,False,False,False,False,False,False,False,True,False,False,False
제주,2011,738.5,6.0,7.0,451.0,9.0,0.0,473.0,12.6,72580.0,576156.0,0.0,24.0,20.0,1233.0,0.0,581.0,4.0,522.0,24.0,0.0,2408.0,0.009962640099626401,41.79423628322885,8.20958212706281,12.817709092676289,101.74979333149628,0.30655873806558737,0.0,0.0,1311.0,False,False,False,False,False,False,False,False,False,False,False,False,False,False,True,False,False
제주,2012,1054.6000000000001,6.0,7.0,451.0,9.0,0.0,473.0,13.0,75925.0,583713.0,0.0,24.0,24.0,1269.0,0.0,606.0,4.0,556.0,26.0,0.0,2509.0,0.009561752988047808,42.98345248435447,8.103297339617244,18.067098043045128,138.90023049061574,0.42015936254980085,0.08333333333333333,0.006944444444444444,1353.0,False,False,False,False,False,False,False,False,False,False,False,False,False,False,True,False,False
제주,2013,947.1,6.0,7.0,451.0,9.0,0.0,473.0,13.4,79305.0,593806.0,0.0,28.0,21.0,1319.0,0.0,642.0,0.0,613.0,30.0,0.0,2653.0,0.010550113036925395,44.67789143255541,7.965564510968228,15.949653590566616,119.42500472857954,0.3568575734740015,0.16666666666666666,0.027777777777777776,1406.5,False,False,False,False,False,False,False,False,False,False,False,False,False,False,True,False,False
제주,2014,870.1,6.0,7.0,451.0,9.0,0.0,473.0,13.6,82411.0,607346.0,0.0,28.0,27.0,1346.0,0.0,688.0,0.0,642.0,29.0,0.0,2760.0,0.010141253169141615,45.44361862924922,7.787982467983653,14.326265423662953,105.58056570118067,0.3151394422310757,0.25,0.0625,1442.5,False,False,False,False,False,False,False,False,False,False,False,False,False,False,True,False,False
제주,2015,1188.8,7.0,7.0,361.0,8.0,0.0,383.0,13.8,85893.0,624395.0,0.0,28.0,28.0,1415.0,0.0,718.0,0.0,672.0,32.0,0.0,2893.0,0.009675190048375951,46.332850198992624,6.133937651646794,19.039229974615427,138.40475940996356,0.4107809260539046,0.3333333333333333,0.1111111111111111,1513.0,False,False,False,False,False,False,False,False,False,False,False,False,False,False,True,False,False
제주,2016,1338.1868880000002,6.0,8.0,379.0,10.0,0.0,403.0,13.9,89189.0,641597.0,0.0,24.0,32.0,1502.0,1.0,758.0,0.0,667.0,34.0,0.0,3018.0,0.007949652202716132,47.03887331144005,6.281201439532915,20.857125080073633,150.03945419278162,0.4432550142431269,0.4166666666666667,0.17361111111111113,1598.0,False,False,False,False,False,False,False,False,False,False,False,False,False,False,True,False,False
제주,2017,1773.972363,6.0,7.0,416.0,9.0,0.0,438.0,14.2,93117.0,657083.0,0.0,24.0,28.0,1587.0,4.0,807.0,0.0,720.0,43.0,0.0,3213.0,0.0074673304293715,48.89793222469612,6.665824560976316,26.99769074835295,190.51004252714327,0.5519515752955818,0.5,0.25,1677.0,False,False,False,False,False,False,False,False,False,False,False,False,False,False,True,False,False
제주,2018,1857.878694,6.0,7.0,438.0,8.0,0.0,459.0,14.4,96207.0,667191.0,0.0,24.0,28.0,1711.0,4.0,842.0,0.0,739.0,36.0,0.0,3384.0,0.0070901033973412115,50.72010863455892,6.8795892030917685,27.846279311321645,193.11263151329945,0.5488563350073855,0.5833333333333334,0.34027777777777785,1801.0,False,False,False,False,False,False,False,False,False,False,False,False,False,False,True,False,False
제주,2019,1898.0,6.0,7.0,451.0,9.0,0.0,473.0,15.0,100397.0,670989.0,0.0,24.0,28.0,1762.0,4.0,864.0,0.0,762.0,40.0,0.0,3484.0,0.006886657101865136,51.923354928322226,7.049295890096559,28.28660380423524,189.0494735898483,0.5446197991391679,0.6666666666666666,0.4444444444444444,1852.0,False,False,False,False,False,False,False,False,False,False,False,False,False,False,True,False,False
제주,2020,1678.4,6.0,7.0,456.0,9.0,0.0,478.0,15.7,106154.0,674635.0,0.0,24.0,28.0,1815.0,4.0,877.0,1.0,771.0,40.0,0.0,3560.0,0.006739679865206402,52.76927523772114,7.08531279877267,24.878638078368304,158.10991578273078,0.47132827857343446,0.75,0.5625,1905.0,False,False,False,False,False,False,False,False,False,False,False,False,False,False,True,False,False
제주,2021,1801.6999999999998,6.0,7.0,463.0,9.0,0.0,485.0,16.3,110645.0,676759.0,0.0,24.0,28.0,1837.0,4.0,907.0,4.0,778.0,36.0,4.0,3622.0,0.006624344465912227,53.51979064925624,7.166509791521059,26.622475652337094,162.83609742871343,0.49729505934308577,0.8333333333333334,0.6944444444444445,1927.0,False,False,False,False,False,False,False,False,False,False,False,False,False,False,True,False,False
제주,2022,1859.79348,6.0,7.0,482.0,11.0,0.0,506.0,17.1,115768.0,678159.0,0.0,24.0,28.0,1895.0,4.0,961.0,4.0,776.0,41.0,5.0,3738.0,0.006418828563787109,55.119817034058386,7.461377051694367,27.42415097344428,160.64832077949,0.4974039796737096,0.9166666666666666,0.8402777777777777,1985.0,False,False,False,False,False,False,False,False,False,False,False,False,False,False,True,False,False
제주,2023,1503.2825,6.0,8.0,498.0,11.0,0.0,523.0,17.9,121156.0,675252.0,0.0,24.0,32.0,1969.0,4.0,974.0,4.0,786.0,44.0,8.0,3845.0,0.0062402496099844,56.941704726531725,7.745256585689491,22.26254050339725,124.07825448182508,0.39086908476339055,1.0,1.0,2065.0,False,False,False,False,False,False,False,False,False,False,False,False,False,False,True,False,False
충남,2011,3325.1,13.0,45.0,1063.0,69.0,0.0,1192.0,15.672025793461696,285075.5443968645,1819008.902574655,8.0,38.0,210.0,4106.0,36.0,1775.0,23.0,1766.0,208.0,0.0,8170.0,0.00562966589156774,44.91456852374966,6.553019055117454,18.27973461423745,116.63925809682931,0.40693917513156286,0.0,0.0,4521.0,False,False,False,False,False,False,False,False,False,False,False,False,False,False,False,True,False
충남,2012,3829.3,13.0,45.0,1063.0,69.0,0.0,1192.0,15.3,309840.0,2028777.0,8.0,40.0,197.0,4038.0,36.0,1780.0,18.0,1824.0,227.0,0.0,8168.0,0.0058758721997796545,40.260708791552744,5.875460930402898,18.87491823891931,123.58959462948619,0.46875994613783817,0.08333333333333333,0.006944444444444444,4437.5,False,False,False,False,False,False,False,False,False,False,False,False,False,False,False,True,False
충남,2013,4296.0,13.0,45.0,1063.0,69.0,0.0,1192.0,15.6,320195.0,2047631.0,8.0,40.0,198.0,3974.0,39.0,1823.0,16.0,1869.0,244.0,0.0,8211.0,0.0058451047247929854,40.09999848605535,5.821361368332478,20.98034264962779,134.16824122800168,0.5231368728689723,0.16666666666666666,0.027777777777777776,4375.0,False,False,False,False,False,False,False,False,False,False,False,False,False,False,False,True,False
충남,2014,5200.291422,13.0,45.0,1063.0,69.0,0.0,1192.0,16.0,330807.0,2062273.0,8.0,40.0,194.0,4004.0,40.0,1895.0,12.0,1917.0,277.0,0.0,8387.0,0.005722460658082976,40.66871844804252,5.7800300930090245,25.21630948957776,157.20016269305063,0.6199679806866953,0.25,0.0625,4399.0,False,False,False,False,False,False,False,False,False,False,False,False,False,False,False,True,False
충남,2015,5331.232916,13.0,51.0,1012.0,67.0,0.0,1143.0,16.4,341214.0,2077649.0,8.0,44.0,205.0,4073.0,40.0,1973.0,13.0,1988.0,292.0,0.0,8636.0,0.006020609007757323,41.56621257969945,5.5014104884896335,25.659930604255095,156.24308838441564,0.6172551714715758,0.3333333333333333,0.1111111111111111,4492.5,False,False,False,False,False,False,False,False,False,False,False,False,False,False,False,True,False
충남,2016,6504.476016,13.0,49.0,1023.0,71.0,0.0,1156.0,16.7,350108.0,2096727.0,8.0,44.0,205.0,4133.0,40.0,2034.0,18.0,2006.0,305.0,0.0,8793.0,0.005913122583579713,41.93679005421307,5.513354862125589,31.022045387883114,185.78484399099705,0.7396493081646577,0.4166666666666667,0.17361111111111113,4552.5,False,False,False,False,False,False,False,False,False,False,False,False,False,False,False,True,False
충남,2017,6728.4085589999995,13.0,45.0,1045.0,74.0,0.0,1177.0,17.1,362946.0,2116770.0,8.0,44.0,177.0,4215.0,44.0,2082.0,23.0,2054.0,357.0,0.0,9004.0,0.005774569683509162,42.53650609182859,5.560358470688833,31.786205204155387,185.38318534988673,0.7471858477512493,0.5,0.25,4592.5,False,False,False,False,False,False,False,False,False,False,False,False,False,False,False,True,False
충남,2018,7712.918162,13.0,45.0,1051.0,75.0,0.0,1184.0,17.5,372515.0,2126282.0,8.0,44.0,179.0,4252.0,44.0,2162.0,22.0,2093.0,362.0,0.0,9166.0,0.005672520999236391,43.10811077740394,5.568405319708298,36.274201455874625,207.04986811269345,0.8413786584487837,0.5833333333333334,0.34027777777777785,4632.5,False,False,False,False,False,False,False,False,False,False,False,False,False,False,False,True,False
충남,2019,7373.0,13.0,44.0,1063.0,72.0,0.0,1192.0,18.2,386674.0,2123709.0,8.0,44.0,175.0,4291.0,44.0,2223.0,31.0,2076.0,356.0,0.0,9248.0,0.005622229430208671,43.546455752647844,5.612821718983156,34.71756252857618,190.67741818689646,0.7971672613255487,0.6666666666666666,0.4444444444444444,4665.5,False,False,False,False,False,False,False,False,False,False,False,False,False,False,False,True,False
충남,2020,5936.8,13.0,45.0,1078.0,69.0,0.0,1205.0,19.1,405188.0,2121029.0,8.0,44.0,177.0,4332.0,44.0,2247.0,43.0,2055.0,346.0,0.0,9296.0,0.005593202108206949,43.8277835899462,5.681204736003138,27.990187781496623,146.5196402657532,0.6385715822308272,0.75,0.5625,4709.5,False,False,False,False,False,False,False,False,False,False,False,False,False,False,False,True,False
충남,2021,7009.099999999999,13.0,46.0,1083.0,67.0,0.0,1209.0,19.8,419979.0,2119257.0,8.0,44.0,177.0,4363.0,44.0,2288.0,43.0,2057.0,268.0,67.0,9359.0,0.005555555555555556,44.16170384243157,5.704829569986084,33.07338373779112,166.89167791722917,0.74883547008547,0.8333333333333334,0.6944444444444445,4740.5,False,False,False,False,False,False,False,False,False,False,False,False,False,False,False,True,False
충남,2022,7926.75736,13.0,44.0,1086.0,69.0,0.0,1212.0,20.6,436895.0,2123037.0,8.0,44.0,177.0,4376.0,44.0,2331.0,50.0,2034.0,274.0,68.0,9406.0,0.0055277984479642816,44.3044563048124,5.708803002491242,37.336878066656396,181.4339225672072,0.8426445583076432,0.9166666666666666,0.8402777777777777,4753.5,False,False,False,False,False,False,False,False,False,False,False,False,False,False,False,True,False
충남,2023,6040.93,13.0,46.0,1101.0,68.0,0.0,1228.0,21.3,454534.0,2130119.0,8.0,44.0,184.0,4437.0,44.0,2401.0,51.0,2042.0,274.0,66.0,9551.0,0.005443886097152429,44.83787056028325,5.7649361373707295,28.35958929994052,132.90380917599123,0.6324256700167504,1.0,1.0,4825.0,False,False,False,False,False,False,False,False,False,False,False,False,False,False,False,True,False
충북,2011,2713.8,13.0,38.0,884.0,41.0,0.0,977.0,13.4,209473.0,1562903.0,4.0,40.0,158.0,3129.0,4.0,1267.0,12.0,1327.0,130.0,0.0,6071.0,0.007246376811594203,38.84438125718614,6.251187693670048,17.36384151799568,129.55368949697575,0.44693675889328066,0.0,0.0,3458.0,False,False,False,False,False,False,False,False,False,False,False,False,False,False,False,False,True
충북,2012,3062.3,13.0,38.0,884.0,41.0,0.0,977.0,13.7,215245.0,1565628.0,4.0,40.0,157.0,3137.0,4.0,1317.0,13.0,1377.0,133.0,0.0,6182.0,0.007116286592269125,39.48575268199087,6.24030740380218,19.559563319000425,142.27043601477388,0.49527737344331235,0.08333333333333333,0.006944444444444444,3464.5,False,False,False,False,False,False,False,False,False,False,False,False,False,False,False,False,True
충북,2013,3195.8,13.0,38.0,884.0,41.0,0.0,977.0,14.1,222188.0,1572732.0,4.0,40.0,153.0,3121.0,4.0,1361.0,16.0,1443.0,146.0,0.0,6288.0,0.006996342820798219,39.98138271491901,6.212120056055323,20.320054529315865,143.833150305147,0.5081570996978853,0.16666666666666666,0.027777777777777776,3442.5,False,False,False,False,False,False,False,False,False,False,False,False,False,False,False,False,True
충북,2014,3465.1402709999998,13.0,38.0,884.0,41.0,0.0,977.0,14.5,228900.0,1578933.0,4.0,40.0,159.0,3166.0,4.0,1436.0,16.0,1480.0,159.0,0.0,6464.0,0.006805877803557618,40.93903921192349,6.187722974945738,21.946088092401638,151.382274836173,0.5359845740139211,0.25,0.0625,3496.5,False,False,False,False,False,False,False,False,False,False,False,False,False,False,False,False,True
충북,2015,4323.091990999999,12.0,40.0,812.0,37.0,0.0,901.0,14.8,234813.0,1583952.0,4.0,43.0,160.0,3210.0,7.0,1502.0,16.0,1516.0,163.0,0.0,6621.0,0.007097553609181516,41.800509106336555,5.688303685970283,27.293074480792345,184.10786417276722,0.6528378119903352,0.3333333333333333,0.1111111111111111,3548.0,False,False,False,False,False,False,False,False,False,False,False,False,False,False,False,False,True
충북,2016,4685.091622,12.0,41.0,838.0,39.0,0.0,930.0,15.1,240690.0,1591625.0,4.0,44.0,160.0,3345.0,8.0,1551.0,18.0,1548.0,173.0,0.0,6851.0,0.0070052539404553416,43.04405874499333,5.843084897510407,29.435901182753476,194.65252490755745,0.6837553447168709,0.4166666666666667,0.17361111111111113,3685.0,False,False,False,False,False,False,False,False,False,False,False,False,False,False,False,False,True
충북,2017,5100.7521719999995,12.0,39.0,845.0,41.0,0.0,937.0,15.8,252434.0,1594432.0,4.0,44.0,153.0,3369.0,9.0,1607.0,24.0,1545.0,188.0,0.0,6943.0,0.0069124423963133645,43.54528760085096,5.876700919198813,31.991029858909002,202.06280342584594,0.7345553243087557,0.5,0.25,3698.5,False,False,False,False,False,False,False,False,False,False,False,False,False,False,False,False,True
충북,2018,5669.719303,13.0,39.0,858.0,46.0,0.0,956.0,16.4,261763.0,1599252.0,4.0,45.0,155.0,3443.0,12.0,1663.0,29.0,1565.0,203.0,0.0,7119.0,0.006882022471910112,44.51456055706043,5.977794618984375,35.45231960316448,216.59742985066643,0.7963088908707865,0.5833333333333334,0.34027777777777785,3777.5,False,False,False,False,False,False,False,False,False,False,False,False,False,False,False,False,True
충북,2019,5913.0,13.0,37.0,884.0,43.0,0.0,977.0,17.1,273425.0,1600007.0,4.0,48.0,150.0,3531.0,15.0,1701.0,29.0,1597.0,202.0,0.0,7277.0,0.007144820005496016,45.481051020401786,6.106223285273127,36.95608831711361,216.25674316540184,0.8124484748557296,0.6666666666666666,0.4444444444444444,3864.0,False,False,False,False,False,False,False,False,False,False,False,False,False,False,False,False,True
충북,2020,4923.8,13.0,38.0,890.0,44.0,0.0,985.0,18.0,288148.0,1600837.0,4.0,48.0,153.0,3570.0,16.0,1751.0,28.0,1592.0,199.0,0.0,7361.0,0.007063298016843249,45.982195563945616,6.153031195555825,30.75765989916525,170.87746574676902,0.6688128226025537,0.75,0.5625,3907.5,False,False,False,False,False,False,False,False,False,False,False,False,False,False,False,False,True
충북,2021,5378.1,13.0,37.0,906.0,42.0,0.0,998.0,18.9,301516.0,1597427.0,4.0,48.0,149.0,3633.0,17.0,1805.0,37.0,1622.0,167.0,37.0,7519.0,0.006914893617021276,47.06944354890708,6.247546836256054,33.66726617241351,178.36864378673107,0.7151728723404256,0.8333333333333334,0.6944444444444445,3964.5,False,False,False,False,False,False,False,False,False,False,False,False,False,False,False,False,True
충북,2022,11690.760218,13.0,37.0,912.0,39.0,0.0,1001.0,19.9,316939.0,1595058.0,4.0,48.0,148.0,3654.0,16.0,1867.0,48.0,1635.0,158.0,42.0,7620.0,0.006823251541792415,47.77255748693778,6.275633864097732,73.29363708404334,368.86467799797435,1.5340191861960373,0.9166666666666666,0.8402777777777777,3984.0,False,False,False,False,False,False,False,False,False,False,False,False,False,False,False,False,True
충북,2023,5332.0199999999995,13.0,35.0,929.0,38.0,0.0,1015.0,20.8,332237.0,1593469.0,4.0,48.0,141.0,3743.0,16.0,1886.0,48.0,1630.0,150.0,48.0,7714.0,0.006740116655865198,48.41010399323739,6.369750525425973,33.4617115237259,160.48844650054025,0.6911237848347375,1.0,1.0,4062.5,False,False,False,False,False,False,False,False,False,False,False,False,False,False,False,False,True
